12790	MG100040.cont
7684	MG100041.cont
19344	MG100042.cont
5122	MG100043.cont
47498	MG100044.cont
72358	MG100045.cont
60662	MG100046.cont
158712	MG100047.cont
688	MG100048.cont
826	MG100049.cont
191768	MG100050.cont
69518	MG100051.cont
238808	MG100052.cont
33468	MG100053.cont
29674	MG100054.cont
86216	MG100055.cont
10830	MG100056.cont
34256	MG100057.cont
26092	MG100058.cont
40562	MG100059.cont
1720	MG100060.cont
14994	MG100061.cont
36904	MG100062.cont
42266	MG100063.cont
8298	MG100064.cont
11112	MG100065.cont
15186	MG100066.cont
90276	MG100067.cont
382238	MG100068.cont
11890	MG100069.cont
259206	MG100070.cont
339942	MG100071.cont
13486	MG100072.cont
196968	MG100073.cont
260360	MG100074.cont
37262	MG100075.cont
105318	MG100076.cont
72472	MG100077.cont
66460	MG100078.cont
83592	MG100079.cont
18482	MG100080.cont
9662	MG100081.cont
11498	MG100082.cont
16776	MG100083.cont
124860	MG100084.cont
28336	MG100085.cont
62942	MG100086.cont
166856	MG100087.cont
75720	MG100088.cont
231970	MG100089.cont
38184	MG100090.cont
120890	MG100091.cont
203950	MG100092.cont
31418	MG100093.cont
405168	MG100094.cont
9458	MG100095.cont
201624	MG100096.cont
503710	MG100097.cont
902370	MG100098.cont
145668	MG100099.cont
63486	MG100100.cont
396070	MG100101.cont
92656	MG100102.cont
11592	MG100103.cont
258	MG100104.cont
95502	MG100105.cont
266124	MG100106.cont
390686	MG100107.cont
93948	MG100108.cont
509220	MG100109.cont
796046	MG100110.cont
448134	MG100111.cont
116702	MG100112.cont
12304	MG100113.cont
17816	MG100114.cont
248	MG100115.cont
87940	MG100116.cont
551056	MG100117.cont
188890	MG100118.cont
63396	MG100119.cont
355924	MG100120.cont
363886	MG100121.cont
59850	MG100122.cont
154020	MG100123.cont
72612	MG100124.cont
12566	MG100125.cont
3496	MG100126.cont
27134	MG100127.cont
55286	MG100128.cont
8236	MG100129.cont
7138	MG100130.cont
23226	MG100131.cont
49732	MG100132.cont
9764	MG100133.cont
356574	MG100134.cont
1270	MG100135.cont
3654	MG100136.cont
1326	MG100137.cont
7656	MG100138.cont
9186	MG100139.cont
726	MG100140.cont
9744	MG100141.cont
326	MG100142.cont
1854	MG100143.cont
9508	MG100144.cont
49652	MG100145.cont
25230	MG100146.cont
18112	MG100147.cont
29676	MG100148.cont
6158	MG100149.cont
9228	MG100150.cont
107684	MG100151.cont
8664	MG100152.cont
1262	MG100153.cont
9012	MG100154.cont
8384	MG100155.cont
1768	MG100156.cont
19490	MG100157.cont
8094	MG100158.cont
17164	MG100159.cont
4754	MG100160.cont
14966	MG100161.cont
646	MG100162.cont
10914	MG100163.cont
2678	MG100164.cont
96276	MG100165.cont
5722	MG100166.cont
2592	MG100167.cont
9996	MG100168.cont
2340	MG100169.cont
12634	MG100170.cont
8196	MG100171.cont
8226	MG100172.cont
14572	MG100173.cont
4582	MG100174.cont
25722	MG100175.cont
15390	MG100176.cont
29016	MG100177.cont
8418	MG100178.cont
7446	MG100179.cont
37598	MG100180.cont
1146	MG100181.cont
110740	MG100182.cont
924	MG100183.cont
6636	MG100184.cont
2368	MG100185.cont
29158	MG100186.cont
588	MG100187.cont
14726	MG100188.cont
3486	MG100189.cont
298564	MG100190.cont
18930	MG100191.cont
17166	MG100192.cont
2524	MG100193.cont
756	MG100194.cont
3390	MG100195.cont
3362	MG100196.cont
2082	MG100197.cont
2072	MG100198.cont
59200	MG100199.cont
1370	MG100200.cont
36706	MG100201.cont
2192	MG100202.cont
11872	MG100203.cont
6642	MG100204.cont
3258	MG100205.cont
4702	MG100206.cont
31468	MG100207.cont
17684	MG100208.cont
520	MG100209.cont
274	MG100210.cont
165108	MG100211.cont
781220	MG100212.cont
14220	MG100213.cont
433542	MG100214.cont
263356	MG100215.cont
116974	MG100216.cont
301848	MG100217.cont
221710	MG100218.cont
496722	MG100219.cont
401474	MG100220.cont
