k101_585_flag=0_multi=160.2850_len=24241	ENA|CP000140|CP000140.1	81.354	1078	189	11	8446	9516	1435532	1434460	0.0	867
k101_585_flag=0_multi=160.2850_len=24241	ENA|CP000140|CP000140.1	87.647	170	14	7	9683	9848	962244	962410	8.08e-44	191
k101_585_flag=0_multi=160.2850_len=24241	ENA|CP000140|CP000140.1	95.495	111	4	1	9743	9852	1826526	1826636	2.26e-39	176
k101_585_flag=0_multi=160.2850_len=24241	ENA|CP000140|CP000140.1	93.220	118	6	2	9739	9855	1802967	1802851	2.93e-38	172
k101_585_flag=0_multi=160.2850_len=24241	ENA|CP000140|CP000140.1	91.667	108	7	2	9745	9850	1806226	1806119	4.93e-31	148
k101_204_flag=1_multi=150.6458_len=18492	ENA|FP929062|FP929062.1	87.826	460	54	2	7402	7860	2680829	2681287	1.91e-148	538
k101_234_flag=1_multi=71.7477_len=46282	ENA|CP008741|CP008741.1	89.727	477	49	0	21437	21913	4007497	4007973	1.00e-169	610
k101_234_flag=1_multi=71.7477_len=46282	ENA|CP008741|CP008741.1	91.597	119	9	1	44858	44976	388524	388407	3.37e-35	163
k101_234_flag=1_multi=71.7477_len=46282	ENA|CP008741|CP008741.1	91.597	119	9	1	44858	44976	695379	695262	3.37e-35	163
k101_234_flag=1_multi=71.7477_len=46282	ENA|CP008741|CP008741.1	91.597	119	9	1	44858	44976	2123652	2123769	3.37e-35	163
k101_234_flag=1_multi=71.7477_len=46282	ENA|CP008741|CP008741.1	91.597	119	9	1	44858	44976	2210505	2210622	3.37e-35	163
k101_234_flag=1_multi=71.7477_len=46282	ENA|CP008741|CP008741.1	91.597	119	9	1	44858	44976	2641606	2641723	3.37e-35	163
k101_234_flag=1_multi=71.7477_len=46282	ENA|CP008741|CP008741.1	91.597	119	9	1	44858	44976	4467195	4467078	3.37e-35	163
k101_234_flag=1_multi=71.7477_len=46282	ENA|CP008741|CP008741.1	86.179	123	15	2	44858	44980	4726949	4726829	9.49e-26	132
k101_633_flag=0_multi=62.8719_len=145447	ENA|FP929052|FP929052.1	78.406	2070	408	31	90199	92247	1828781	1826730	0.0	1310
k101_633_flag=0_multi=62.8719_len=145447	ENA|FP929052|FP929052.1	75.938	1039	240	9	30007	31040	1226445	1227478	1.17e-143	525
k101_633_flag=0_multi=62.8719_len=145447	ENA|FP929052|FP929052.1	85.380	171	12	12	133984	134152	1490164	1490005	2.94e-35	165
k101_633_flag=0_multi=62.8719_len=145447	ENA|FP929052|FP929052.1	100.000	87	0	0	133852	133938	1490164	1490078	3.81e-34	161
k101_887_flag=1_multi=41.8914_len=81851	ENA|FP929052|FP929052.1	76.163	2643	559	61	53115	55720	1649866	1652474	0.0	1325
k101_5164_flag=1_multi=84.3037_len=11938	ENA|CP007619|CP007619.1	88.855	11727	1236	58	245	11937	4637221	4648910	0.0	14349
k101_5164_flag=1_multi=84.3037_len=11938	ENA|CP007619|CP007619.1	74.571	350	83	6	11591	11937	2964830	2964484	2.43e-31	148
k101_6069_flag=0_multi=115.5747_len=29622	ENA|FP929046|FP929046.1	86.145	166	11	2	5660	5825	2301726	2301573	4.63e-37	169
k101_8434_flag=1_multi=57.2610_len=20033	ENA|CP000744|CP000744.1	93.105	1842	119	6	2834	4671	2441017	2442854	0.0	2691
k101_8434_flag=1_multi=57.2610_len=20033	ENA|CP000744|CP000744.1	88.335	1423	129	26	1	1396	2436408	2437820	0.0	1674
k101_8434_flag=1_multi=57.2610_len=20033	ENA|CP000744|CP000744.1	77.073	1544	311	38	17807	19327	2454565	2456088	0.0	850
k101_21235_flag=1_multi=35.0147_len=7907	ENA|CP007619|CP007619.1	84.793	2821	417	12	4234	7048	2558563	2561377	0.0	2822
k101_21235_flag=1_multi=35.0147_len=7907	ENA|CP007619|CP007619.1	75.584	385	75	16	1	377	2554417	2554790	9.52e-39	172
k101_2047_flag=1_multi=171.5395_len=29998	ENA|CP000140|CP000140.1	97.167	8614	213	22	17667	26251	2492666	2484055	0.0	14526
k101_2047_flag=1_multi=171.5395_len=29998	ENA|CP000140|CP000140.1	97.849	7252	152	3	57	7304	2500013	2492762	0.0	12525
k101_2047_flag=1_multi=171.5395_len=29998	ENA|CP000140|CP000140.1	92.236	747	57	1	27681	28426	2483973	2483227	0.0	1057
k101_2047_flag=1_multi=171.5395_len=29998	ENA|CP000140|CP000140.1	88.679	742	76	7	12039	12776	2827182	2827919	0.0	898
k101_2047_flag=1_multi=171.5395_len=29998	ENA|CP000140|CP000140.1	98.423	317	4	1	29682	29998	2483201	2482886	8.56e-154	556
k101_2047_flag=1_multi=171.5395_len=29998	ENA|CP000140|CP000140.1	94.737	228	12	0	7552	7779	2822161	2822388	3.35e-93	355
k101_4225_flag=0_multi=38.4385_len=22507	ENA|FP929050|FP929050.1	97.958	1861	38	0	97	1957	4012280	4010420	0.0	3227
k101_4225_flag=0_multi=38.4385_len=22507	ENA|FP929050|FP929050.1	98.080	1198	23	0	6109	7306	4007539	4006342	0.0	2085
k101_4225_flag=0_multi=38.4385_len=22507	ENA|FP929050|FP929050.1	98.733	868	11	0	5006	5873	4008561	4007694	0.0	1543
k101_4225_flag=0_multi=38.4385_len=22507	ENA|FP929050|FP929050.1	98.525	339	4	1	4669	5007	4008998	4008661	3.78e-166	597
k101_4225_flag=0_multi=38.4385_len=22507	ENA|FP929050|FP929050.1	92.466	146	8	1	3143	3288	4010277	4010135	2.68e-48	206
k101_4225_flag=0_multi=38.4385_len=22507	ENA|FP929050|FP929050.1	98.230	113	2	0	1	113	4012780	4012668	4.48e-46	198
k101_4481_flag=1_multi=162.8500_len=12402	ENA|CP000140|CP000140.1	98.194	12345	192	10	65	12387	1787456	1799791	0.0	21533
k101_3034_flag=1_multi=88.6873_len=26848	ENA|FP929060|FP929060.1	77.496	1382	284	23	23590	24955	1917225	1915855	0.0	804
k101_3034_flag=1_multi=88.6873_len=26848	ENA|FP929060|FP929060.1	74.679	1560	339	45	11844	13373	1928640	1927107	2.06e-179	641
k101_10780_flag=1_multi=188.2197_len=5454	ENA|CP005388|CP005388.1	87.500	176	16	6	1	173	757522	757694	1.08e-46	198
k101_10780_flag=1_multi=188.2197_len=5454	ENA|CP005388|CP005388.1	82.286	175	19	10	5007	5175	757224	757392	1.85e-29	141
k101_14737_flag=1_multi=215.9821_len=12875	ENA|CP008741|CP008741.1	84.091	220	30	3	12524	12740	1875726	1875943	4.26e-49	207
k101_629_flag=1_multi=51.2083_len=12002	ENA|CP000140|CP000140.1	99.742	12002	31	0	1	12002	542662	530661	0.0	21992
k101_234_flag=1_multi=250.3904_len=15434	ENA|CP003274|CP003274.1	85.867	375	49	3	10318	10690	530408	530036	1.02e-105	396
k101_6244_flag=1_multi=77.5873_len=53006	ENA|FP929046|FP929046.1	85.269	577	80	5	39954	40528	2697934	2698507	1.49e-163	590
k101_6244_flag=1_multi=77.5873_len=53006	ENA|FP929046|FP929046.1	89.916	357	36	0	41318	41674	2698970	2699326	1.22e-124	460
k101_6664_flag=1_multi=161.5229_len=9630	ENA|CP000140|CP000140.1	78.212	1969	408	20	1	1960	308072	306116	0.0	1240
k101_1244_flag=1_multi=39.6929_len=52068	ENA|CP002530|CP002530.1	77.191	1118	239	16	42490	43599	2766304	2767413	5.16e-178	638
k101_2888_flag=1_multi=21.3938_len=28052	ENA|FP929032|FP929032.1	77.348	543	103	20	1473	2005	570982	571514	1.15e-77	303
k101_7422_flag=1_multi=211.5438_len=75800	ENA|CP003274|CP003274.1	97.701	87	2	0	27603	27689	3642188	3642274	4.29e-31	150
k101_20557_flag=1_multi=8.0000_len=3620	ENA|FP929049|FP929049.1	99.254	3620	26	1	1	3620	3359714	3363332	0.0	6534
k101_43986_flag=1_multi=33.7116_len=38470	ENA|FP929060|FP929060.1	76.023	1589	353	25	13673	15245	1915855	1917431	0.0	798
k101_43986_flag=1_multi=33.7116_len=38470	ENA|FP929060|FP929060.1	74.471	1747	407	30	24877	26602	1926912	1928640	0.0	719
k101_1046_flag=1_multi=79.5924_len=58700	ENA|FP929060|FP929060.1	75.247	3244	693	96	604	3788	1939344	1942536	0.0	1441
k101_1046_flag=1_multi=79.5924_len=58700	ENA|FP929060|FP929060.1	79.244	1932	368	29	17351	19264	1953367	1955283	0.0	1315
k101_1046_flag=1_multi=79.5924_len=58700	ENA|FP929060|FP929060.1	76.362	1468	324	20	33437	34890	1915855	1917313	0.0	767
k101_1046_flag=1_multi=79.5924_len=58700	ENA|FP929060|FP929060.1	73.967	1767	405	42	44375	46112	1926910	1928650	0.0	664
k101_1227_flag=1_multi=157.2001_len=19555	ENA|FQ312004|FQ312004.1	72.985	1303	326	26	6157	7446	2176160	2174871	9.81e-117	433
k101_1465_flag=1_multi=74.4674_len=21680	ENA|CP000140|CP000140.1	98.547	12320	175	2	9364	21680	1946529	1934211	0.0	21756
k101_1465_flag=1_multi=74.4674_len=21680	ENA|CP000140|CP000140.1	99.234	9270	70	1	1	9269	1955768	1946499	0.0	16724
k101_1465_flag=1_multi=74.4674_len=21680	ENA|CP000140|CP000140.1	97.938	97	2	0	18905	19001	1931306	1931210	3.39e-37	169
k101_1465_flag=1_multi=74.4674_len=21680	ENA|CP000140|CP000140.1	90.816	98	9	0	9252	9349	722588	722685	4.44e-26	132
k101_1681_flag=1_multi=41.2827_len=37820	ENA|CP002352|CP002352.1	84.971	3440	490	20	20495	23927	3652321	3655740	0.0	3463
k101_1681_flag=1_multi=41.2827_len=37820	ENA|CP002352|CP002352.1	83.433	2511	395	18	9687	12184	3647148	3649650	0.0	2313
k101_1681_flag=1_multi=41.2827_len=37820	ENA|CP002352|CP002352.1	78.401	2389	495	19	12338	14715	3649805	3652183	0.0	1533
k101_1681_flag=1_multi=41.2827_len=37820	ENA|CP002352|CP002352.1	78.788	825	168	6	4688	5507	3641105	3641927	6.50e-151	547
k101_4016_flag=1_multi=28.8595_len=30993	ENA|FP929062|FP929062.1	85.289	571	82	1	16125	16693	3053509	3054079	3.14e-163	588
k101_7118_flag=1_multi=91.3429_len=33850	ENA|FP929052|FP929052.1	78.367	490	96	10	22454	22938	1904196	1904680	2.99e-79	309
k101_12128_flag=1_multi=24.5996_len=43563	ENA|CP002273|CP002273.2	74.178	426	98	12	37016	37435	2990401	2990820	2.45e-36	167
k101_15579_flag=0_multi=285.9688_len=7702	ENA|CP000139|CP000139.1	98.508	7639	114	0	1	7639	2794074	2801712	0.0	13476
k101_18660_flag=1_multi=59.0000_len=6892	ENA|FP929060|FP929060.1	72.809	1107	253	37	5774	6853	1928660	1927575	3.59e-87	333
k101_395_flag=0_multi=301.5676_len=5205	ENA|CP000140|CP000140.1	87.939	3300	336	54	1926	5203	144129	147388	0.0	3832
k101_395_flag=0_multi=301.5676_len=5205	ENA|CP000140|CP000140.1	87.962	3298	334	53	1926	5200	3253363	3250106	0.0	3832
k101_395_flag=0_multi=301.5676_len=5205	ENA|CP000140|CP000140.1	87.868	3297	338	54	1926	5200	4789497	4792753	0.0	3816
k101_395_flag=0_multi=301.5676_len=5205	ENA|CP000140|CP000140.1	87.811	3298	338	54	1926	5200	3411634	3408378	0.0	3805
k101_395_flag=0_multi=301.5676_len=5205	ENA|CP000140|CP000140.1	87.949	3203	328	51	2021	5200	2872127	2868960	0.0	3723
k101_395_flag=0_multi=301.5676_len=5205	ENA|CP000140|CP000140.1	87.929	3206	328	52	2021	5203	417899	421068	0.0	3722
k101_395_flag=0_multi=301.5676_len=5205	ENA|CP000140|CP000140.1	87.929	3206	328	52	2021	5203	2138566	2135397	0.0	3722
k101_395_flag=0_multi=301.5676_len=5205	ENA|CP000140|CP000140.1	93.037	1551	98	6	80	1628	415997	417539	0.0	2257
k101_395_flag=0_multi=301.5676_len=5205	ENA|CP000140|CP000140.1	93.037	1551	98	6	80	1628	2140470	2138928	0.0	2257
k101_395_flag=0_multi=301.5676_len=5205	ENA|CP000140|CP000140.1	93.037	1551	98	6	80	1628	2874031	2872489	0.0	2257
k101_395_flag=0_multi=301.5676_len=5205	ENA|CP000140|CP000140.1	92.908	1551	102	7	80	1628	142358	143902	0.0	2248
k101_395_flag=0_multi=301.5676_len=5205	ENA|CP000140|CP000140.1	92.908	1551	102	7	80	1628	4787726	4789270	0.0	2248
k101_395_flag=0_multi=301.5676_len=5205	ENA|CP000140|CP000140.1	92.779	1551	104	7	80	1628	3255135	3253591	0.0	2237
k101_395_flag=0_multi=301.5676_len=5205	ENA|CP000140|CP000140.1	92.779	1551	104	7	80	1628	3413406	3411862	0.0	2237
k101_395_flag=0_multi=301.5676_len=5205	ENA|CP000140|CP000140.1	93.277	119	2	3	1714	1826	144001	144119	2.25e-38	171
k101_395_flag=0_multi=301.5676_len=5205	ENA|CP000140|CP000140.1	93.277	119	2	3	1714	1826	417638	417756	2.25e-38	171
k101_395_flag=0_multi=301.5676_len=5205	ENA|CP000140|CP000140.1	93.277	119	2	3	1714	1826	2138827	2138709	2.25e-38	171
k101_395_flag=0_multi=301.5676_len=5205	ENA|CP000140|CP000140.1	93.277	119	2	3	1714	1826	2872388	2872270	2.25e-38	171
k101_395_flag=0_multi=301.5676_len=5205	ENA|CP000140|CP000140.1	93.277	119	2	3	1714	1826	4789369	4789487	2.25e-38	171
k101_395_flag=0_multi=301.5676_len=5205	ENA|CP000140|CP000140.1	92.437	119	3	3	1714	1826	3253492	3253374	1.05e-36	165
k101_395_flag=0_multi=301.5676_len=5205	ENA|CP000140|CP000140.1	92.437	119	3	3	1714	1826	3411763	3411645	1.05e-36	165
k101_395_flag=0_multi=301.5676_len=5205	ENA|CP000140|CP000140.1	100.000	77	0	0	1926	2002	417766	417842	4.90e-30	143
k101_395_flag=0_multi=301.5676_len=5205	ENA|CP000140|CP000140.1	100.000	77	0	0	1926	2002	2138699	2138623	4.90e-30	143
k101_395_flag=0_multi=301.5676_len=5205	ENA|CP000140|CP000140.1	100.000	77	0	0	1926	2002	2872260	2872184	4.90e-30	143
k101_7541_flag=0_multi=168.2096_len=22151	ENA|CP000140|CP000140.1	83.308	1959	314	8	19941	21892	4616251	4618203	0.0	1794
k101_6581_flag=0_multi=91.2128_len=19821	ENA|CP000140|CP000140.1	99.257	14408	99	2	1	14401	2342862	2328456	0.0	26007
k101_6581_flag=0_multi=91.2128_len=19821	ENA|CP000140|CP000140.1	89.001	1382	120	21	18460	19821	2324559	2323190	0.0	1681
k101_6581_flag=0_multi=91.2128_len=19821	ENA|CP000140|CP000140.1	98.458	843	11	2	14415	15256	2328480	2327639	0.0	1483
k101_6581_flag=0_multi=91.2128_len=19821	ENA|CP000140|CP000140.1	89.050	758	77	5	15507	16261	2327408	2326654	0.0	935
k101_6581_flag=0_multi=91.2128_len=19821	ENA|CP000140|CP000140.1	82.222	180	25	1	18863	19042	2321436	2321264	4.03e-31	148
k101_37119_flag=1_multi=12.5328_len=31258	ENA|CU207211|CU207211.1	85.151	3852	503	46	399	4220	240060	236248	0.0	3880
k101_37119_flag=1_multi=12.5328_len=31258	ENA|CU207211|CU207211.1	83.450	1855	292	12	15953	17798	222070	220222	0.0	1711
k101_37119_flag=1_multi=12.5328_len=31258	ENA|CU207211|CU207211.1	78.848	2118	411	33	12475	14574	225523	223425	0.0	1395
k101_37119_flag=1_multi=12.5328_len=31258	ENA|CU207211|CU207211.1	77.350	2340	494	31	27323	29642	212738	210415	0.0	1352
k101_37119_flag=1_multi=12.5328_len=31258	ENA|CU207211|CU207211.1	82.251	1217	208	8	21617	22829	217694	216482	0.0	1044
k101_37119_flag=1_multi=12.5328_len=31258	ENA|CU207211|CU207211.1	76.909	1663	356	24	24526	26174	215480	213832	0.0	918
k101_37119_flag=1_multi=12.5328_len=31258	ENA|CU207211|CU207211.1	78.186	1279	270	7	29947	31220	210127	208853	0.0	808
k101_37119_flag=1_multi=12.5328_len=31258	ENA|CU207211|CU207211.1	87.238	478	57	4	4319	4794	236147	235672	2.50e-149	542
k101_37119_flag=1_multi=12.5328_len=31258	ENA|CU207211|CU207211.1	76.429	980	213	14	5971	6944	234571	233604	5.45e-141	514
k101_37119_flag=1_multi=12.5328_len=31258	ENA|CU207211|CU207211.1	76.968	851	165	22	14725	15567	223333	222506	9.31e-124	457
k101_37119_flag=1_multi=12.5328_len=31258	ENA|CU207211|CU207211.1	86.614	381	48	2	17919	18299	220180	219803	4.39e-112	418
k101_37119_flag=1_multi=12.5328_len=31258	ENA|CU207211|CU207211.1	79.104	603	118	7	4997	5595	235541	234943	2.64e-109	409
k101_5458_flag=0_multi=80.0584_len=7820	ENA|FR873482|FR873482.1	79.440	6070	1142	83	1250	7257	950300	956325	0.0	4198
k101_5458_flag=0_multi=80.0584_len=7820	ENA|FR873482|FR873482.1	84.507	1278	190	8	1	1274	948865	950138	0.0	1256
k101_7000_flag=0_multi=91.3162_len=9912	ENA|CP007534|CP007534.1	92.466	146	11	0	1	146	2302099	2302244	9.10e-50	209
k101_7000_flag=0_multi=91.3162_len=9912	ENA|CP007534|CP007534.1	90.411	146	14	0	1	146	2302129	2302274	9.17e-45	193
k101_7000_flag=0_multi=91.3162_len=9912	ENA|CP007534|CP007534.1	90.909	143	13	0	1	143	2302144	2302286	9.17e-45	193
k101_7000_flag=0_multi=91.3162_len=9912	ENA|CP007534|CP007534.1	88.194	144	17	0	1	144	2302159	2302302	1.19e-38	172
k101_7000_flag=0_multi=91.3162_len=9912	ENA|CP007534|CP007534.1	89.922	129	13	0	1	129	2302174	2302302	5.56e-37	167
k101_7000_flag=0_multi=91.3162_len=9912	ENA|CP007534|CP007534.1	89.313	131	14	0	16	146	2302099	2302229	2.00e-36	165
k101_7000_flag=0_multi=91.3162_len=9912	ENA|CP007534|CP007534.1	94.253	87	5	0	60	146	2302098	2302184	5.64e-27	134
k101_7000_flag=0_multi=91.3162_len=9912	ENA|CP007534|CP007534.1	90.099	101	10	0	46	146	2302099	2302199	2.03e-26	132
k101_3806_flag=0_multi=93.6260_len=35234	ENA|FP929045|FP929045.1	96.390	5761	204	4	1	5760	2755713	2761470	0.0	9483
k101_3806_flag=0_multi=93.6260_len=35234	ENA|FP929045|FP929045.1	93.506	5775	308	45	14733	20460	20553	14799	0.0	8525
k101_3806_flag=0_multi=93.6260_len=35234	ENA|FP929045|FP929045.1	98.370	2944	48	0	9805	12748	3015341	3012398	0.0	5171
k101_3806_flag=0_multi=93.6260_len=35234	ENA|FP929045|FP929045.1	97.100	1724	47	1	33089	34812	9504	7784	0.0	2904
k101_3806_flag=0_multi=93.6260_len=35234	ENA|FP929045|FP929045.1	95.222	1821	86	1	26261	28081	12392	10573	0.0	2880
k101_3806_flag=0_multi=93.6260_len=35234	ENA|FP929045|FP929045.1	95.726	1778	75	1	6493	8270	2761762	2763538	0.0	2861
k101_3806_flag=0_multi=93.6260_len=35234	ENA|FP929045|FP929045.1	79.877	3091	588	31	652	3725	2183197	2180124	0.0	2231
k101_3806_flag=0_multi=93.6260_len=35234	ENA|FP929045|FP929045.1	98.713	1010	12	1	34226	35234	2994190	2993181	0.0	1792
k101_3806_flag=0_multi=93.6260_len=35234	ENA|FP929045|FP929045.1	75.720	3402	785	34	1	3383	3026071	3022692	0.0	1668
k101_3806_flag=0_multi=93.6260_len=35234	ENA|FP929045|FP929045.1	93.077	1040	66	6	8672	9708	23707	22671	0.0	1517
k101_3806_flag=0_multi=93.6260_len=35234	ENA|FP929045|FP929045.1	90.268	1007	98	0	22018	23024	13426	12420	0.0	1317
k101_3806_flag=0_multi=93.6260_len=35234	ENA|FP929045|FP929045.1	87.206	1063	136	0	12972	14034	21606	20544	0.0	1210
k101_3806_flag=0_multi=93.6260_len=35234	ENA|FP929045|FP929045.1	89.561	843	88	0	11874	12716	22672	21830	0.0	1070
k101_3806_flag=0_multi=93.6260_len=35234	ENA|FP929045|FP929045.1	86.313	979	131	3	25297	26273	3007095	3006118	0.0	1062
k101_3806_flag=0_multi=93.6260_len=35234	ENA|FP929045|FP929045.1	77.039	1655	357	14	12973	14614	3011940	3010296	0.0	929
k101_3806_flag=0_multi=93.6260_len=35234	ENA|FP929045|FP929045.1	94.030	402	24	0	21598	21999	14794	14393	7.61e-170	610
k101_3806_flag=0_multi=93.6260_len=35234	ENA|FP929045|FP929045.1	80.184	651	127	2	16	665	2184258	2183609	1.34e-132	486
k101_3806_flag=0_multi=93.6260_len=35234	ENA|FP929045|FP929045.1	94.118	238	13	1	32794	33031	10561	10325	8.46e-95	361
k101_3806_flag=0_multi=93.6260_len=35234	ENA|FP929045|FP929045.1	100.000	181	0	0	8263	8443	3015519	3015339	5.13e-87	335
k101_3806_flag=0_multi=93.6260_len=35234	ENA|FP929045|FP929045.1	80.952	315	60	0	330	644	869344	869030	1.91e-61	250
k101_4504_flag=1_multi=248.2877_len=46779	ENA|FP929053|FP929053.1	85.998	1864	235	19	16644	18503	155213	153372	0.0	1973
k101_4504_flag=1_multi=248.2877_len=46779	ENA|FP929053|FP929053.1	83.670	1188	185	9	41646	42829	161188	160006	0.0	1110
k101_4504_flag=1_multi=248.2877_len=46779	ENA|FP929053|FP929053.1	95.714	140	6	0	16454	16593	157650	157511	4.28e-54	226
k101_6700_flag=1_multi=24.8090_len=29124	ENA|CP002400|CP002400.1	76.346	520	107	13	25806	26317	486146	486657	5.64e-66	265
k101_10642_flag=1_multi=128.7997_len=29268	ENA|FP929037|FP929037.1	98.649	74	1	0	11161	11234	2151414	2151341	6.00e-26	132
k101_11049_flag=1_multi=499.3575_len=12787	ENA|CP000140|CP000140.1	78.746	2456	496	24	10345	12787	3692631	3690189	0.0	1620
k101_13160_flag=1_multi=209.9481_len=15070	ENA|FP929046|FP929046.1	78.114	1686	312	46	12322	13979	2033719	2035375	0.0	1016
k101_15553_flag=1_multi=20.3735_len=57587	ENA|FP929046|FP929046.1	98.025	50526	916	47	7123	57587	3028114	3078618	0.0	87700
k101_15553_flag=1_multi=20.3735_len=57587	ENA|FP929046|FP929046.1	96.885	7127	212	10	1	7122	3020681	3027802	0.0	11923
k101_17008_flag=1_multi=124.2194_len=15268	ENA|FP929046|FP929046.1	89.609	1357	140	1	8567	9922	1976080	1977436	0.0	1724
k101_17008_flag=1_multi=124.2194_len=15268	ENA|FP929046|FP929046.1	88.534	1378	155	3	8544	9920	260332	261707	0.0	1666
k101_17008_flag=1_multi=124.2194_len=15268	ENA|FP929046|FP929046.1	86.642	1370	179	4	8554	9921	2663715	2665082	0.0	1513
k101_17808_flag=0_multi=62.9924_len=13310	ENA|FP929033|FP929033.1	89.286	8391	859	31	33	8406	5018488	5026855	0.0	10479
k101_18390_flag=1_multi=21.6682_len=53857	ENA|FP929046|FP929046.1	98.385	53861	866	4	1	53857	3150541	3204401	0.0	94641
k101_21501_flag=1_multi=14.0000_len=7583	ENA|AP006841|AP006841.1	99.908	7574	7	0	1	7574	115220	122793	0.0	13948
k101_21501_flag=1_multi=14.0000_len=7583	ENA|AP006841|AP006841.1	86.512	215	24	4	783	994	4193836	4193624	1.48e-56	231
k101_26000_flag=1_multi=29.6730_len=41262	ENA|CP000606|CP000606.1	75.663	415	95	6	4535	4946	3768026	3768437	6.36e-47	202
k101_27502_flag=0_multi=14.0576_len=24294	ENA|CP002400|CP002400.1	73.703	1696	371	67	18361	20020	2803214	2801558	1.90e-164	592
k101_10139_flag=1_multi=12.6244_len=7853	ENA|CP002689|CP002689.1	91.965	4219	281	35	3686	7853	1366523	1370734	0.0	5860
k101_5904_flag=0_multi=76.5422_len=38433	ENA|CP002522|CP002522.2	96.218	238	9	0	1080	1317	2235133	2234896	1.18e-103	390
k101_5904_flag=0_multi=76.5422_len=38433	ENA|CP002522|CP002522.2	95.279	233	11	0	27885	28117	2312731	2312499	1.53e-97	370
k101_5904_flag=0_multi=76.5422_len=38433	ENA|CP002522|CP002522.2	100.000	164	0	0	25263	25426	2153606	2153769	1.58e-77	303
k101_5904_flag=0_multi=76.5422_len=38433	ENA|CP002522|CP002522.2	97.297	148	4	0	29481	29628	3021452	3021599	5.80e-62	252
k101_5904_flag=0_multi=76.5422_len=38433	ENA|CP002522|CP002522.2	99.083	109	1	0	18795	18903	2153605	2153497	2.76e-45	196
k101_5904_flag=0_multi=76.5422_len=38433	ENA|CP002522|CP002522.2	94.355	124	7	0	17206	17329	2255539	2255662	1.28e-43	191
k101_554_flag=1_multi=57.2659_len=56423	ENA|FP929062|FP929062.1	81.667	1560	268	18	53366	54915	2637856	2636305	0.0	1280
k101_554_flag=1_multi=57.2659_len=56423	ENA|FP929062|FP929062.1	77.966	354	63	15	23151	23496	2672069	2671723	1.87e-48	207
k101_736_flag=0_multi=79.2458_len=30480	ENA|FP929050|FP929050.1	93.243	148	10	0	16753	16900	4009129	4008982	4.66e-52	219
k101_1188_flag=3_multi=28.3652_len=45081	ENA|AP012044|AP012044.1	84.793	217	31	2	13184	13399	177350	177135	2.48e-51	217
k101_2227_flag=1_multi=177.4194_len=42154	ENA|AP012044|AP012044.1	85.185	216	32	0	1121	1336	177135	177350	4.99e-53	222
k101_507_flag=0_multi=26.1505_len=18009	ENA|CP003255|CP003255.1	77.245	1459	289	33	10351	11789	299308	300743	0.0	815
k101_507_flag=0_multi=26.1505_len=18009	ENA|CP003255|CP003255.1	77.294	1308	259	34	8750	10038	297728	299016	0.0	736
k101_1144_flag=1_multi=16.0000_len=14130	ENA|CP002273|CP002273.2	88.400	500	41	13	1529	2024	2992198	2991712	5.14e-163	586
k101_1144_flag=1_multi=16.0000_len=14130	ENA|CP002273|CP002273.2	84.615	234	29	6	852	1082	1246138	1246367	1.29e-54	226
k101_1144_flag=1_multi=16.0000_len=14130	ENA|CP002273|CP002273.2	84.615	234	29	6	852	1082	2952341	2952112	1.29e-54	226
k101_6037_flag=0_multi=320.1273_len=9333	ENA|FP929060|FP929060.1	78.672	1913	391	14	6125	8027	1955285	1953380	0.0	1256
k101_7796_flag=1_multi=77.4029_len=17894	ENA|FP929051|FP929051.1	98.289	1695	29	0	1180	2874	2197647	2195953	0.0	2970
k101_9098_flag=1_multi=29.0471_len=60069	ENA|FP929046|FP929046.1	77.856	709	144	12	21393	22093	2190547	2191250	1.40e-114	427
k101_14987_flag=1_multi=34.0000_len=14335	ENA|CP003040|CP003040.1	78.995	11483	2182	167	2960	14335	418536	407177	0.0	7631
k101_14987_flag=1_multi=34.0000_len=14335	ENA|CP003040|CP003040.1	79.789	1138	206	22	1	1126	423675	422550	0.0	806
k101_14987_flag=1_multi=34.0000_len=14335	ENA|CP003040|CP003040.1	81.497	935	161	12	1186	2114	420373	419445	0.0	758
k101_17228_flag=1_multi=32.9696_len=32901	ENA|FP929045|FP929045.1	75.367	954	213	20	30201	31143	1097976	1098918	9.87e-119	440
k101_17228_flag=1_multi=32.9696_len=32901	ENA|FP929045|FP929045.1	76.667	330	75	2	16514	16842	3096450	3096778	6.60e-41	182
k101_21479_flag=1_multi=42.8025_len=41180	ENA|FP929054|FP929054.1	99.589	1217	5	0	53	1269	2949029	2947813	0.0	2220
k101_2892_flag=0_multi=195.7700_len=33559	ENA|FP929043|FP929043.1	94.631	447	24	0	3655	4101	3371122	3370676	0.0	693
k101_2892_flag=0_multi=195.7700_len=33559	ENA|FP929043|FP929043.1	95.364	151	5	2	26031	26180	495513	495662	3.94e-58	239
k101_3724_flag=1_multi=98.4477_len=62398	ENA|CP002925|CP002925.1	78.386	347	64	10	49344	49686	1310088	1309749	1.24e-50	215
k101_9879_flag=0_multi=97.8154_len=29256	ENA|CP008741|CP008741.1	99.731	10408	23	4	12314	22718	4007348	3996943	0.0	19060
k101_9879_flag=0_multi=97.8154_len=29256	ENA|CP008741|CP008741.1	98.706	7109	90	2	1560	8667	4018556	4011449	0.0	12617
k101_9879_flag=0_multi=97.8154_len=29256	ENA|CP008741|CP008741.1	94.998	2939	144	3	26320	29256	3992925	3989988	0.0	4610
k101_9879_flag=0_multi=97.8154_len=29256	ENA|CP008741|CP008741.1	96.431	1625	56	2	8911	10534	4011184	4009561	0.0	2678
k101_9879_flag=0_multi=97.8154_len=29256	ENA|CP008741|CP008741.1	88.803	777	77	8	297	1068	4019772	4019001	0.0	944
k101_9879_flag=0_multi=97.8154_len=29256	ENA|CP008741|CP008741.1	94.925	335	15	2	10932	11265	4008862	4008529	8.47e-144	523
k101_9879_flag=0_multi=97.8154_len=29256	ENA|CP008741|CP008741.1	98.513	269	4	0	25737	26005	3993992	3993724	2.40e-129	475
k101_9879_flag=0_multi=97.8154_len=29256	ENA|CP008741|CP008741.1	94.022	184	7	4	23693	23874	3995418	3995237	2.62e-69	276
k101_9879_flag=0_multi=97.8154_len=29256	ENA|CP008741|CP008741.1	90.541	148	11	3	23551	23696	3995841	3995695	2.71e-44	193
k101_9879_flag=0_multi=97.8154_len=29256	ENA|CP008741|CP008741.1	93.043	115	8	0	25344	25458	3994412	3994298	4.57e-37	169
k101_402_flag=1_multi=153.4713_len=26253	ENA|CP000140|CP000140.1	98.707	9587	123	1	4413	13998	1562146	1552560	0.0	17016
k101_402_flag=1_multi=153.4713_len=26253	ENA|CP000140|CP000140.1	99.253	8572	61	2	14494	23064	1552531	1543962	0.0	15472
k101_740_flag=1_multi=26.1085_len=20416	ENA|FP929062|FP929062.1	84.385	301	40	6	9547	9845	2659503	2659208	2.35e-73	289
k101_1522_flag=1_multi=40.0000_len=12044	ENA|FP929045|FP929045.1	98.813	5811	68	1	40	5850	221972	216163	0.0	10347
k101_1522_flag=1_multi=40.0000_len=12044	ENA|FP929045|FP929045.1	98.526	2645	35	2	7764	10408	214202	211562	0.0	4665
k101_1522_flag=1_multi=40.0000_len=12044	ENA|FP929045|FP929045.1	98.367	1776	29	0	5860	7635	216121	214346	0.0	3120
k101_1522_flag=1_multi=40.0000_len=12044	ENA|FP929045|FP929045.1	98.536	1571	21	1	10456	12026	210957	209389	0.0	2772
k101_1522_flag=1_multi=40.0000_len=12044	ENA|FP929045|FP929045.1	88.793	116	9	4	10357	10470	2652478	2652365	1.47e-28	139
k101_2646_flag=1_multi=13.9399_len=13288	ENA|CP002352|CP002352.1	83.271	2690	428	18	12	2694	2488958	2486284	0.0	2455
k101_2646_flag=1_multi=13.9399_len=13288	ENA|CP002352|CP002352.1	76.064	3196	707	44	8814	11969	2558381	2555204	0.0	1611
k101_2800_flag=1_multi=48.8546_len=55890	ENA|FP929060|FP929060.1	97.259	9960	267	5	31358	41314	1916307	1926263	0.0	16875
k101_2800_flag=1_multi=48.8546_len=55890	ENA|FP929060|FP929060.1	96.944	6446	190	2	41309	47747	1926300	1932745	0.0	10805
k101_2800_flag=1_multi=48.8546_len=55890	ENA|FP929060|FP929060.1	99.230	4283	22	3	15839	20111	1955595	1959876	0.0	7716
k101_2800_flag=1_multi=48.8546_len=55890	ENA|FP929060|FP929060.1	99.579	3322	13	1	595	3916	1939297	1942617	0.0	6056
k101_2800_flag=1_multi=48.8546_len=55890	ENA|FP929060|FP929060.1	99.619	3149	8	3	9121	12266	1949229	1952376	0.0	5746
k101_2800_flag=1_multi=48.8546_len=55890	ENA|FP929060|FP929060.1	99.688	1923	6	0	13897	15819	1953365	1955287	0.0	3518
k101_2800_flag=1_multi=48.8546_len=55890	ENA|FP929060|FP929060.1	98.728	1651	17	3	21570	23218	1913325	1911677	0.0	2929
k101_2800_flag=1_multi=48.8546_len=55890	ENA|FP929060|FP929060.1	96.851	1556	48	1	29813	31367	1913724	1915279	0.0	2601
k101_2800_flag=1_multi=48.8546_len=55890	ENA|FP929060|FP929060.1	100.000	1051	0	0	47891	48941	1933195	1934245	0.0	1941
k101_2800_flag=1_multi=48.8546_len=55890	ENA|FP929060|FP929060.1	95.482	1151	36	12	24268	25417	1911341	1910206	0.0	1823
k101_2800_flag=1_multi=48.8546_len=55890	ENA|FP929060|FP929060.1	99.882	844	1	0	49725	50568	1934414	1935257	0.0	1554
k101_2800_flag=1_multi=48.8546_len=55890	ENA|FP929060|FP929060.1	94.559	919	42	3	6524	7441	1943800	1944711	0.0	1413
k101_2800_flag=1_multi=48.8546_len=55890	ENA|FP929060|FP929060.1	96.805	845	27	0	8013	8857	1948124	1948968	0.0	1411
k101_2800_flag=1_multi=48.8546_len=55890	ENA|FP929060|FP929060.1	90.345	870	75	8	25599	26464	1909548	1908684	0.0	1133
k101_2800_flag=1_multi=48.8546_len=55890	ENA|FP929060|FP929060.1	94.300	614	34	1	54626	55239	1936694	1937306	0.0	939
k101_2800_flag=1_multi=48.8546_len=55890	ENA|FP929060|FP929060.1	88.245	638	69	5	55230	55865	1937327	1937960	0.0	758
k101_2800_flag=1_multi=48.8546_len=55890	ENA|FP929060|FP929060.1	99.130	345	2	1	20	363	1938041	1938385	2.01e-172	619
k101_2961_flag=1_multi=112.7087_len=13161	ENA|AE015928|AE015928.1	98.771	13096	156	4	1	13093	5613775	5600682	0.0	23287
k101_2961_flag=1_multi=112.7087_len=13161	ENA|AE015928|AE015928.1	87.831	189	3	5	9067	9235	3395426	3395238	5.63e-48	204
k101_5020_flag=1_multi=16.0000_len=6378	ENA|CP002352|CP002352.1	91.456	5536	341	86	189	5657	3762430	3767900	0.0	7481
k101_5020_flag=1_multi=16.0000_len=6378	ENA|CP002352|CP002352.1	91.419	5524	343	84	199	5657	2467794	2462337	0.0	7454
k101_5020_flag=1_multi=16.0000_len=6378	ENA|CP002352|CP002352.1	91.385	5525	341	88	199	5657	1398108	1392653	0.0	7441
k101_5020_flag=1_multi=16.0000_len=6378	ENA|CP002352|CP002352.1	94.178	3212	163	22	196	3394	200185	203385	0.0	4874
k101_5020_flag=1_multi=16.0000_len=6378	ENA|CP002352|CP002352.1	94.178	3212	163	22	196	3394	278153	281353	0.0	4874
k101_5020_flag=1_multi=16.0000_len=6378	ENA|CP002352|CP002352.1	90.547	1883	143	26	3794	5657	203854	205720	0.0	2459
k101_5020_flag=1_multi=16.0000_len=6378	ENA|CP002352|CP002352.1	90.499	1884	143	27	3794	5657	281822	283689	0.0	2455
k101_5020_flag=1_multi=16.0000_len=6378	ENA|CP002352|CP002352.1	80.965	373	35	26	3423	3783	203453	203801	4.43e-66	263
k101_5020_flag=1_multi=16.0000_len=6378	ENA|CP002352|CP002352.1	80.965	373	35	26	3423	3783	281421	281769	4.43e-66	263
k101_30563_flag=1_multi=128.9267_len=22873	ENA|FP929062|FP929062.1	99.727	8059	18	2	55	8109	2643424	2651482	0.0	14757
k101_30563_flag=1_multi=128.9267_len=22873	ENA|FP929062|FP929062.1	98.971	4277	41	2	9989	14263	2654023	2658298	0.0	7651
k101_30563_flag=1_multi=128.9267_len=22873	ENA|FP929062|FP929062.1	98.419	2593	39	2	16146	18737	2661331	2663922	0.0	4560
k101_30563_flag=1_multi=128.9267_len=22873	ENA|FP929062|FP929062.1	85.620	2865	398	11	18795	21649	2663905	2666765	0.0	2996
k101_30563_flag=1_multi=128.9267_len=22873	ENA|FP929062|FP929062.1	99.890	912	1	0	8108	9019	2652293	2653204	0.0	1679
k101_30563_flag=1_multi=128.9267_len=22873	ENA|FP929062|FP929062.1	93.144	1021	66	4	14265	15283	2659498	2660516	0.0	1495
k101_30563_flag=1_multi=128.9267_len=22873	ENA|FP929062|FP929062.1	98.214	168	2	1	22630	22797	2667743	2667909	2.03e-74	292
k101_4032_flag=1_multi=75.8845_len=34437	ENA|FP929033|FP929033.1	88.252	1396	139	14	14007	15385	944640	946027	0.0	1646
k101_4448_flag=0_multi=560.1674_len=48635	ENA|CP007619|CP007619.1	84.242	1174	179	6	17939	19109	2576708	2575538	0.0	1138
k101_4448_flag=0_multi=560.1674_len=48635	ENA|CP007619|CP007619.1	97.317	410	11	0	22772	23181	2564505	2564096	0.0	697
k101_4448_flag=0_multi=560.1674_len=48635	ENA|CP007619|CP007619.1	79.508	488	85	11	17305	17783	2577564	2577083	2.55e-86	333
k101_4916_flag=1_multi=138.6806_len=7903	ENA|FP929060|FP929060.1	90.433	878	73	10	3365	4237	1908684	1909555	0.0	1146
k101_4916_flag=1_multi=138.6806_len=7903	ENA|FP929060|FP929060.1	88.342	935	71	31	4212	5132	1909943	1910853	0.0	1088
k101_4916_flag=1_multi=138.6806_len=7903	ENA|FP929060|FP929060.1	99.396	497	2	1	6618	7114	1910846	1911341	0.0	900
k101_8712_flag=0_multi=85.2402_len=34320	ENA|CP007619|CP007619.1	99.187	6643	54	0	1305	7947	1932953	1926311	0.0	11969
k101_8712_flag=0_multi=85.2402_len=34320	ENA|CP007619|CP007619.1	98.484	6268	63	5	28085	34320	1945637	1939370	0.0	11020
k101_8712_flag=0_multi=85.2402_len=34320	ENA|CP007619|CP007619.1	93.899	3065	173	8	15021	18072	1919161	1916098	0.0	4612
k101_8712_flag=0_multi=85.2402_len=34320	ENA|CP007619|CP007619.1	92.808	3184	205	20	18044	21213	2540964	2537791	0.0	4590
k101_8712_flag=0_multi=85.2402_len=34320	ENA|CP007619|CP007619.1	90.757	3408	266	41	9702	13081	1924481	1921095	0.0	4503
k101_8712_flag=0_multi=85.2402_len=34320	ENA|CP007619|CP007619.1	92.923	1625	103	10	24250	25868	2532474	2530856	0.0	2353
k101_8712_flag=0_multi=85.2402_len=34320	ENA|CP007619|CP007619.1	98.258	689	12	0	26512	27200	1946447	1945759	0.0	1206
k101_8712_flag=0_multi=85.2402_len=34320	ENA|CP007619|CP007619.1	89.290	859	82	7	25278	26128	5159789	5158933	0.0	1068
k101_8712_flag=0_multi=85.2402_len=34320	ENA|CP007619|CP007619.1	95.246	568	23	4	137	701	1936091	1935525	0.0	896
k101_8712_flag=0_multi=85.2402_len=34320	ENA|CP007619|CP007619.1	92.673	505	31	4	24265	24769	1908541	1908043	0.0	723
k101_8712_flag=0_multi=85.2402_len=34320	ENA|CP007619|CP007619.1	92.673	505	31	4	24265	24769	5160688	5160190	0.0	723
k101_8712_flag=0_multi=85.2402_len=34320	ENA|CP007619|CP007619.1	90.649	524	47	2	179	701	2571059	2570537	0.0	695
k101_8712_flag=0_multi=85.2402_len=34320	ENA|CP007619|CP007619.1	93.243	148	10	0	21052	21199	2532668	2532815	5.25e-52	219
k101_425_flag=3_multi=81.8358_len=41066	ENA|CP000884|CP000884.1	94.510	1621	81	4	13352	14965	2125361	2126980	0.0	2494
k101_425_flag=3_multi=81.8358_len=41066	ENA|CP000884|CP000884.1	90.255	1611	140	12	4647	6244	4525384	4523778	0.0	2089
k101_425_flag=3_multi=81.8358_len=41066	ENA|CP000884|CP000884.1	81.549	1420	235	24	36932	38336	2148295	2149702	0.0	1146
k101_425_flag=3_multi=81.8358_len=41066	ENA|CP000884|CP000884.1	83.226	1085	133	40	16961	18031	2128762	2129811	0.0	950
k101_425_flag=3_multi=81.8358_len=41066	ENA|CP000884|CP000884.1	86.437	870	114	3	35248	36115	2146581	2147448	0.0	950
k101_425_flag=3_multi=81.8358_len=41066	ENA|CP000884|CP000884.1	87.856	807	95	3	3750	4555	3789334	3790138	0.0	944
k101_425_flag=3_multi=81.8358_len=41066	ENA|CP000884|CP000884.1	84.925	869	129	2	40194	41061	2110857	2111724	0.0	878
k101_425_flag=3_multi=81.8358_len=41066	ENA|CP000884|CP000884.1	86.943	628	78	4	19998	20623	2131648	2132273	0.0	702
k101_425_flag=3_multi=81.8358_len=41066	ENA|CP000884|CP000884.1	87.541	610	52	21	16961	17561	4509042	4508448	0.0	684
k101_425_flag=3_multi=81.8358_len=41066	ENA|CP000884|CP000884.1	87.576	491	56	5	37	524	2111665	2112153	7.01e-156	564
k101_425_flag=3_multi=81.8358_len=41066	ENA|CP000884|CP000884.1	94.022	368	22	0	7829	8196	3526052	3526419	3.26e-154	558
k101_425_flag=3_multi=81.8358_len=41066	ENA|CP000884|CP000884.1	94.944	356	18	0	7841	8196	4522810	4522455	3.26e-154	558
k101_425_flag=3_multi=81.8358_len=41066	ENA|CP000884|CP000884.1	89.636	357	35	2	8329	8684	3526663	3527018	1.58e-122	453
k101_425_flag=3_multi=81.8358_len=41066	ENA|CP000884|CP000884.1	89.636	357	35	2	8329	8684	4522211	4521856	1.58e-122	453
k101_425_flag=3_multi=81.8358_len=41066	ENA|CP000884|CP000884.1	87.533	377	46	1	1759	2134	3519678	3520054	5.73e-117	435
k101_425_flag=3_multi=81.8358_len=41066	ENA|CP000884|CP000884.1	91.195	318	25	3	2576	2891	3521259	3521575	2.67e-115	429
k101_425_flag=3_multi=81.8358_len=41066	ENA|CP000884|CP000884.1	87.258	361	46	0	1759	2119	4528488	4528128	2.69e-110	412
k101_425_flag=3_multi=81.8358_len=41066	ENA|CP000884|CP000884.1	92.075	265	19	2	15783	16046	2127650	2127913	4.56e-98	372
k101_425_flag=3_multi=81.8358_len=41066	ENA|CP000884|CP000884.1	90.909	264	21	3	15785	16046	4510153	4509891	5.94e-92	351
k101_425_flag=3_multi=81.8358_len=41066	ENA|CP000884|CP000884.1	97.884	189	2	1	8963	9151	2119879	2120065	3.60e-84	326
k101_425_flag=3_multi=81.8358_len=41066	ENA|CP000884|CP000884.1	92.857	224	14	2	15243	15466	2126983	2127204	1.29e-83	324
k101_425_flag=3_multi=81.8358_len=41066	ENA|CP000884|CP000884.1	90.086	232	21	2	6544	6774	3525055	3525285	2.18e-76	300
k101_425_flag=3_multi=81.8358_len=41066	ENA|CP000884|CP000884.1	84.211	285	25	17	9890	10170	2121368	2121636	3.70e-64	259
k101_425_flag=3_multi=81.8358_len=41066	ENA|CP000884|CP000884.1	84.211	285	25	17	9890	10170	4520283	4520015	3.70e-64	259
k101_425_flag=3_multi=81.8358_len=41066	ENA|CP000884|CP000884.1	91.011	178	16	0	40076	40253	2151233	2151410	1.34e-58	241
k101_425_flag=3_multi=81.8358_len=41066	ENA|CP000884|CP000884.1	88.660	194	13	6	6584	6774	4523776	4523589	1.04e-54	228
k101_425_flag=3_multi=81.8358_len=41066	ENA|CP000884|CP000884.1	97.015	134	4	0	6135	6268	3524634	3524767	3.76e-54	226
k101_425_flag=3_multi=81.8358_len=41066	ENA|CP000884|CP000884.1	100.000	112	0	0	9136	9247	3527532	3527643	1.36e-48	207
k101_425_flag=3_multi=81.8358_len=41066	ENA|CP000884|CP000884.1	100.000	112	0	0	9136	9247	4521342	4521231	1.36e-48	207
k101_425_flag=3_multi=81.8358_len=41066	ENA|CP000884|CP000884.1	77.374	358	71	9	32361	32713	2143497	2143849	1.76e-47	204
k101_425_flag=3_multi=81.8358_len=41066	ENA|CP000884|CP000884.1	88.095	126	13	2	7627	7751	2118660	2118784	8.36e-31	148
k101_425_flag=3_multi=81.8358_len=41066	ENA|CP000884|CP000884.1	90.991	111	7	1	8957	9064	3527408	3527518	3.01e-30	147
k101_425_flag=3_multi=81.8358_len=41066	ENA|CP000884|CP000884.1	90.991	111	7	1	8957	9064	4521466	4521356	3.01e-30	147
k101_2195_flag=0_multi=44.4638_len=23458	ENA|CP002273|CP002273.2	91.823	1064	87	0	16945	18008	2990384	2991447	0.0	1483
k101_2195_flag=0_multi=44.4638_len=23458	ENA|CP002273|CP002273.2	90.240	666	63	2	16255	16919	2989643	2990307	0.0	869
k101_2195_flag=0_multi=44.4638_len=23458	ENA|CP002273|CP002273.2	82.168	286	47	4	7865	8148	2981467	2981750	2.13e-59	243
k101_2195_flag=0_multi=44.4638_len=23458	ENA|CP002273|CP002273.2	80.921	304	58	0	22152	22455	4303943	4304246	7.66e-59	241
k101_10190_flag=1_multi=224.0376_len=7619	ENA|CP007619|CP007619.1	99.071	4738	42	2	2804	7540	1916028	1920764	0.0	8504
k101_10190_flag=1_multi=224.0376_len=7619	ENA|CP007619|CP007619.1	85.492	1027	134	10	1292	2309	1914514	1915534	0.0	1057
k101_10190_flag=1_multi=224.0376_len=7619	ENA|CP007619|CP007619.1	92.754	690	44	4	1	687	1913223	1913909	0.0	992
k101_1285_flag=0_multi=216.9948_len=31563	ENA|CP000139|CP000139.1	92.508	1842	138	0	29165	31006	1982265	1980424	0.0	2638
k101_1285_flag=0_multi=216.9948_len=31563	ENA|CP000139|CP000139.1	92.279	1852	140	3	29159	31007	3963292	3961441	0.0	2625
k101_1285_flag=0_multi=216.9948_len=31563	ENA|CP000139|CP000139.1	92.299	1844	141	1	29164	31006	1105647	1107490	0.0	2617
k101_1285_flag=0_multi=216.9948_len=31563	ENA|CP000139|CP000139.1	91.549	1846	151	5	29164	31006	3707256	3709099	0.0	2540
k101_1285_flag=0_multi=216.9948_len=31563	ENA|CP000139|CP000139.1	91.401	1849	152	7	29163	31007	1730744	1732589	0.0	2527
k101_1285_flag=0_multi=216.9948_len=31563	ENA|CP000139|CP000139.1	91.184	1849	154	8	29164	31006	2404014	2402169	0.0	2503
k101_1285_flag=0_multi=216.9948_len=31563	ENA|CP000139|CP000139.1	91.130	1849	155	8	29164	31006	1910415	1908570	0.0	2497
k101_1285_flag=0_multi=216.9948_len=31563	ENA|CP000139|CP000139.1	91.161	1844	154	8	29169	31006	1814080	1815920	0.0	2494
k101_1285_flag=0_multi=216.9948_len=31563	ENA|CP000139|CP000139.1	91.081	1850	156	8	29163	31006	1933819	1935665	0.0	2494
k101_1285_flag=0_multi=216.9948_len=31563	ENA|CP000139|CP000139.1	91.062	1846	156	8	29164	31003	4686929	4685087	0.0	2486
k101_1285_flag=0_multi=216.9948_len=31563	ENA|CP000139|CP000139.1	75.315	1191	268	21	10375	11552	4933653	4932476	5.42e-151	547
k101_1285_flag=0_multi=216.9948_len=31563	ENA|CP000139|CP000139.1	74.865	927	201	28	15352	16262	3045781	3044871	2.69e-104	392
k101_3934_flag=1_multi=77.6847_len=46116	ENA|FP929060|FP929060.1	76.357	1916	414	33	3260	5154	1953388	1955285	0.0	992
k101_3934_flag=1_multi=77.6847_len=46116	ENA|FP929060|FP929060.1	78.395	486	97	6	33934	34415	1928168	1928649	4.07e-79	309
k101_4029_flag=0_multi=369.9042_len=13867	ENA|AM180355|AM180355.1	93.236	8382	529	30	3413	11774	440599	448962	0.0	12303
k101_4029_flag=0_multi=369.9042_len=13867	ENA|AM180355|AM180355.1	91.389	8478	657	47	3373	11818	3950804	3959240	0.0	11544
k101_4029_flag=0_multi=369.9042_len=13867	ENA|AM180355|AM180355.1	94.222	1575	78	7	12296	13867	3960070	3961634	0.0	2392
k101_4029_flag=0_multi=369.9042_len=13867	ENA|AM180355|AM180355.1	83.977	2122	292	36	39	2130	434586	436689	0.0	1991
k101_4029_flag=0_multi=369.9042_len=13867	ENA|AM180355|AM180355.1	80.278	1369	249	16	12307	13666	448992	450348	0.0	1013
k101_4029_flag=0_multi=369.9042_len=13867	ENA|AM180355|AM180355.1	90.045	221	22	0	2164	2384	440074	440294	5.73e-73	287
k101_6328_flag=1_multi=525.1099_len=9026	ENA|CP001022|CP001022.1	75.668	374	82	8	4521	4890	2612611	2612979	2.34e-40	178
k101_6928_flag=1_multi=225.0594_len=25342	ENA|FQ312004|FQ312004.1	77.077	1300	267	23	6850	8132	2045163	2046448	0.0	721
k101_10851_flag=1_multi=895.8288_len=3057	ENA|CP002352|CP002352.1	91.006	2168	172	5	59	2225	1368773	1370918	0.0	2902
k101_236_flag=1_multi=93.7411_len=52392	ENA|CP000140|CP000140.1	99.246	33961	225	3	18462	52392	2318705	2352664	0.0	61267
k101_236_flag=1_multi=93.7411_len=52392	ENA|CP000140|CP000140.1	99.590	18545	58	12	1	18535	2297507	2316043	0.0	33809
k101_236_flag=1_multi=93.7411_len=52392	ENA|CP000140|CP000140.1	87.117	163	19	2	23704	23865	2321264	2321425	2.92e-41	183
k101_4224_flag=0_multi=167.3627_len=23028	ENA|AP012327|AP012327.1	98.715	1479	18	1	5786	7264	1519419	1517942	0.0	2625
k101_4224_flag=0_multi=167.3627_len=23028	ENA|AP012327|AP012327.1	90.909	176	14	1	7459	7632	948166	948341	3.50e-57	235
k101_18132_flag=1_multi=71.1649_len=9028	ENA|FP929062|FP929062.1	85.324	586	82	4	4932	5515	2680830	2681413	3.25e-168	603
k101_41931_flag=1_multi=266.7219_len=9445	ENA|CP003040|CP003040.1	99.643	4476	16	0	4176	8651	2126482	2130957	0.0	8178
k101_45349_flag=0_multi=274.6231_len=40981	ENA|CP008741|CP008741.1	76.109	1398	314	17	21562	22949	1886700	1888087	0.0	713
k101_45349_flag=0_multi=274.6231_len=40981	ENA|CP008741|CP008741.1	82.134	403	64	6	9420	9815	1876898	1877299	4.61e-88	339
k101_45349_flag=0_multi=274.6231_len=40981	ENA|CP008741|CP008741.1	76.939	490	92	16	28495	28972	1894813	1895293	3.69e-64	259
k101_45349_flag=0_multi=274.6231_len=40981	ENA|CP008741|CP008741.1	74.257	606	139	15	27720	28314	1894022	1894621	4.81e-58	239
k101_45349_flag=0_multi=274.6231_len=40981	ENA|CP008741|CP008741.1	85.990	207	18	9	16627	16831	1905959	1906156	1.05e-49	211
k101_45349_flag=0_multi=274.6231_len=40981	ENA|CP008741|CP008741.1	84.091	220	30	3	8855	9071	1875726	1875943	1.36e-48	207
k101_59592_flag=1_multi=378.1363_len=23538	ENA|FP929033|FP929033.1	79.461	8871	1686	105	8718	17510	1409383	1400571	0.0	6163
k101_59592_flag=1_multi=378.1363_len=23538	ENA|FP929033|FP929033.1	84.939	5843	850	24	17634	23458	1400438	1394608	0.0	5888
k101_59592_flag=1_multi=378.1363_len=23538	ENA|FP929033|FP929033.1	83.391	2613	409	10	890	3495	1422826	1420232	0.0	2398
k101_59592_flag=1_multi=378.1363_len=23538	ENA|FP929033|FP929033.1	89.210	1798	189	5	5692	7487	1412625	1410831	0.0	2241
k101_59592_flag=1_multi=378.1363_len=23538	ENA|FP929033|FP929033.1	83.705	2019	320	7	3643	5658	1416320	1414308	0.0	1897
k101_59592_flag=1_multi=378.1363_len=23538	ENA|FP929033|FP929033.1	92.169	779	55	3	7606	8378	1410561	1409783	0.0	1096
k101_59592_flag=1_multi=378.1363_len=23538	ENA|FP929033|FP929033.1	96.190	105	4	0	7475	7579	1410767	1410663	2.84e-38	172
k101_1631_flag=0_multi=117.5927_len=28431	ENA|CP003259|CP003259.1	78.072	415	89	2	22070	22483	1337069	1337482	7.12e-65	261
k101_3132_flag=1_multi=116.1598_len=10454	ENA|CP006942|CP006942.1	87.366	372	47	0	2441	2812	869951	870322	2.44e-115	427
k101_3132_flag=1_multi=116.1598_len=10454	ENA|CP006942|CP006942.1	86.828	372	49	0	2441	2812	869915	870286	5.27e-112	416
k101_3132_flag=1_multi=116.1598_len=10454	ENA|CP006942|CP006942.1	86.290	372	51	0	2441	2812	869933	870304	1.14e-108	405
k101_3132_flag=1_multi=116.1598_len=10454	ENA|CP006942|CP006942.1	86.646	322	43	0	2443	2764	870043	870364	3.24e-94	357
k101_3132_flag=1_multi=116.1598_len=10454	ENA|CP006942|CP006942.1	88.168	262	31	0	2551	2812	869881	870142	7.12e-81	313
k101_3132_flag=1_multi=116.1598_len=10454	ENA|CP006942|CP006942.1	86.900	229	30	0	2584	2812	869878	870106	3.38e-64	257
k101_3132_flag=1_multi=116.1598_len=10454	ENA|CP006942|CP006942.1	88.000	175	21	0	2638	2812	869878	870052	3.45e-49	207
k101_3132_flag=1_multi=116.1598_len=10454	ENA|CP006942|CP006942.1	87.413	143	18	0	2674	2816	869878	870020	2.11e-36	165
k101_3132_flag=1_multi=116.1598_len=10454	ENA|CP006942|CP006942.1	90.909	99	9	0	2718	2816	869886	869984	5.95e-27	134
k101_629_flag=0_multi=33.2582_len=27879	ENA|CP003040|CP003040.1	81.756	1321	233	8	8035	9353	3322482	3323796	0.0	1098
k101_10986_flag=1_multi=60.2099_len=18799	ENA|HF545617|HF545617.1	74.486	1897	457	24	3404	5285	356407	354523	0.0	797
k101_1096_flag=1_multi=155.6146_len=84411	ENA|CP002352|CP002352.1	80.621	4061	706	47	5198	9221	2217674	2221690	0.0	3064
k101_1096_flag=1_multi=155.6146_len=84411	ENA|CP002352|CP002352.1	82.484	2375	405	10	81748	84116	2242889	2245258	0.0	2071
k101_1096_flag=1_multi=155.6146_len=84411	ENA|CP002352|CP002352.1	90.244	164	12	4	9044	9207	2245324	2245483	2.16e-49	211
k101_1096_flag=1_multi=155.6146_len=84411	ENA|CP002352|CP002352.1	89.928	139	12	2	66860	66996	2221789	2221927	2.19e-39	178
k101_1096_flag=1_multi=155.6146_len=84411	ENA|CP002352|CP002352.1	93.333	90	6	0	66908	66997	3938468	3938379	4.81e-26	134
k101_2076_flag=1_multi=37.3311_len=70181	ENA|FP929045|FP929045.1	97.610	11550	265	6	16997	28542	585067	596609	0.0	19789
k101_2076_flag=1_multi=37.3311_len=70181	ENA|FP929045|FP929045.1	97.584	11423	260	5	52322	63729	622552	633973	0.0	19551
k101_2076_flag=1_multi=37.3311_len=70181	ENA|FP929045|FP929045.1	96.914	11537	315	13	40782	52289	611091	622615	0.0	19294
k101_2076_flag=1_multi=37.3311_len=70181	ENA|FP929045|FP929045.1	98.170	4917	90	0	7014	11930	574068	578984	0.0	8582
k101_2076_flag=1_multi=37.3311_len=70181	ENA|FP929045|FP929045.1	98.384	4270	67	2	12730	16998	580230	584498	0.0	7502
k101_2076_flag=1_multi=37.3311_len=70181	ENA|FP929045|FP929045.1	96.967	3297	94	4	37436	40730	607789	611081	0.0	5529
k101_2076_flag=1_multi=37.3311_len=70181	ENA|FP929045|FP929045.1	97.082	1748	51	0	5146	6893	571495	573242	0.0	2946
k101_2076_flag=1_multi=37.3311_len=70181	ENA|FP929045|FP929045.1	97.854	1584	32	2	34430	36012	602776	604358	0.0	2736
k101_2076_flag=1_multi=37.3311_len=70181	ENA|FP929045|FP929045.1	94.444	1080	47	12	29444	30518	597381	598452	0.0	1650
k101_2076_flag=1_multi=37.3311_len=70181	ENA|FP929045|FP929045.1	95.582	928	37	4	36416	37341	605611	606536	0.0	1483
k101_2076_flag=1_multi=37.3311_len=70181	ENA|FP929045|FP929045.1	96.662	689	22	1	65901	66589	456189	456876	0.0	1144
k101_2076_flag=1_multi=37.3311_len=70181	ENA|FP929045|FP929045.1	98.576	632	8	1	30797	31428	600500	601130	0.0	1116
k101_2076_flag=1_multi=37.3311_len=70181	ENA|FP929045|FP929045.1	98.249	571	10	0	11917	12487	579666	580236	0.0	1000
k101_2076_flag=1_multi=37.3311_len=70181	ENA|FP929045|FP929045.1	98.707	464	6	0	65444	65907	414148	414611	0.0	824
k101_2076_flag=1_multi=37.3311_len=70181	ENA|FP929045|FP929045.1	95.695	302	13	0	31726	32027	601122	601423	2.67e-132	486
k101_2076_flag=1_multi=37.3311_len=70181	ENA|FP929045|FP929045.1	91.049	324	19	7	65024	65339	413601	413922	4.56e-115	429
k101_2076_flag=1_multi=37.3311_len=70181	ENA|FP929045|FP929045.1	91.827	208	16	1	12529	12735	3134550	3134343	8.07e-73	289
k101_2076_flag=1_multi=37.3311_len=70181	ENA|FP929045|FP929045.1	82.555	321	50	4	28576	28895	490408	490723	1.75e-69	278
k101_2076_flag=1_multi=37.3311_len=70181	ENA|FP929045|FP929045.1	93.785	177	9	2	63685	63860	665113	665288	1.36e-65	265
k101_2076_flag=1_multi=37.3311_len=70181	ENA|FP929045|FP929045.1	85.714	245	27	8	12495	12735	2305289	2305049	1.06e-61	252
k101_2076_flag=1_multi=37.3311_len=70181	ENA|FP929045|FP929045.1	84.861	251	26	12	28839	29081	598508	598754	6.37e-59	243
k101_2076_flag=1_multi=37.3311_len=70181	ENA|FP929045|FP929045.1	86.425	221	26	4	12492	12710	2556991	2557209	8.25e-58	239
k101_2076_flag=1_multi=37.3311_len=70181	ENA|FP929045|FP929045.1	94.521	146	7	1	12495	12639	96193	96338	2.31e-53	224
k101_2076_flag=1_multi=37.3311_len=70181	ENA|FP929045|FP929045.1	93.464	153	6	4	28934	29084	604537	604387	2.31e-53	224
k101_2076_flag=1_multi=37.3311_len=70181	ENA|FP929045|FP929045.1	91.358	162	9	4	12497	12658	2635877	2636033	3.86e-51	217
k101_2076_flag=1_multi=37.3311_len=70181	ENA|FP929045|FP929045.1	90.625	160	14	1	12496	12654	176164	176005	1.80e-49	211
k101_2076_flag=1_multi=37.3311_len=70181	ENA|FP929045|FP929045.1	84.141	227	16	6	12529	12735	986059	986285	1.08e-46	202
k101_2076_flag=1_multi=37.3311_len=70181	ENA|FP929045|FP929045.1	99.083	109	1	0	36194	36302	2492451	2492343	5.03e-45	196
k101_2076_flag=1_multi=37.3311_len=70181	ENA|FP929045|FP929045.1	98.165	109	2	0	36194	36302	132172	132064	2.34e-43	191
k101_2076_flag=1_multi=37.3311_len=70181	ENA|FP929045|FP929045.1	95.041	121	5	1	12529	12649	104113	104232	8.42e-43	189
k101_2076_flag=1_multi=37.3311_len=70181	ENA|FP929045|FP929045.1	90.345	145	13	1	65197	65340	530695	530839	8.42e-43	189
k101_2076_flag=1_multi=37.3311_len=70181	ENA|FP929045|FP929045.1	97.248	109	3	0	36194	36302	154750	154642	1.09e-41	185
k101_2076_flag=1_multi=37.3311_len=70181	ENA|FP929045|FP929045.1	97.248	109	3	0	36194	36302	584907	585015	1.09e-41	185
k101_2076_flag=1_multi=37.3311_len=70181	ENA|FP929045|FP929045.1	97.248	109	3	0	36194	36302	2318299	2318191	1.09e-41	185
k101_2076_flag=1_multi=37.3311_len=70181	ENA|FP929045|FP929045.1	97.248	109	3	0	36194	36302	2791909	2792017	1.09e-41	185
k101_2076_flag=1_multi=37.3311_len=70181	ENA|FP929045|FP929045.1	91.241	137	9	3	28951	29084	1769763	1769899	3.92e-41	183
k101_2076_flag=1_multi=37.3311_len=70181	ENA|FP929045|FP929045.1	80.816	245	38	9	12496	12735	2792048	2791808	3.92e-41	183
k101_2076_flag=1_multi=37.3311_len=70181	ENA|FP929045|FP929045.1	88.535	157	8	8	36017	36167	605185	605337	1.41e-40	182
k101_2076_flag=1_multi=37.3311_len=70181	ENA|FP929045|FP929045.1	97.196	107	3	0	36194	36300	1580470	1580576	1.41e-40	182
k101_2076_flag=1_multi=37.3311_len=70181	ENA|FP929045|FP929045.1	88.312	154	13	5	12498	12650	160610	160759	5.07e-40	180
k101_2076_flag=1_multi=37.3311_len=70181	ENA|FP929045|FP929045.1	93.388	121	8	0	70061	70181	457830	457950	5.07e-40	180
k101_2076_flag=1_multi=37.3311_len=70181	ENA|FP929045|FP929045.1	96.296	108	4	0	36194	36301	173640	173533	1.82e-39	178
k101_2076_flag=1_multi=37.3311_len=70181	ENA|FP929045|FP929045.1	88.514	148	14	3	33635	33781	599728	599873	6.56e-39	176
k101_2076_flag=1_multi=37.3311_len=70181	ENA|FP929045|FP929045.1	94.545	110	6	0	36194	36303	493323	493214	3.05e-37	171
k101_2076_flag=1_multi=37.3311_len=70181	ENA|FP929045|FP929045.1	95.327	107	5	0	36194	36300	1772240	1772346	3.05e-37	171
k101_2076_flag=1_multi=37.3311_len=70181	ENA|FP929045|FP929045.1	85.161	155	18	5	29097	29249	605186	605337	3.07e-32	154
k101_2076_flag=1_multi=37.3311_len=70181	ENA|FP929045|FP929045.1	93.814	97	6	0	28950	29046	175928	176024	5.14e-30	147
k101_2076_flag=1_multi=37.3311_len=70181	ENA|FP929045|FP929045.1	90.826	109	9	1	36194	36302	176026	176133	1.85e-29	145
k101_2076_flag=1_multi=37.3311_len=70181	ENA|FP929045|FP929045.1	90.000	110	10	1	36194	36303	1028842	1028734	2.39e-28	141
k101_2076_flag=1_multi=37.3311_len=70181	ENA|FP929045|FP929045.1	92.857	98	6	1	36204	36301	1505665	1505569	2.39e-28	141
k101_2076_flag=1_multi=37.3311_len=70181	ENA|FP929045|FP929045.1	77.686	242	47	7	12498	12735	1580607	1580369	2.39e-28	141
k101_2076_flag=1_multi=37.3311_len=70181	ENA|FP929045|FP929045.1	87.097	124	15	1	12529	12651	488443	488566	8.60e-28	139
k101_2076_flag=1_multi=37.3311_len=70181	ENA|FP929045|FP929045.1	93.478	92	6	0	12563	12654	303272	303363	3.09e-27	137
k101_2076_flag=1_multi=37.3311_len=70181	ENA|FP929045|FP929045.1	92.632	95	7	0	12642	12736	1769802	1769896	3.09e-27	137
k101_5204_flag=1_multi=53.6731_len=51456	ENA|CP002352|CP002352.1	79.756	5992	1131	57	2571	8507	1148078	1142114	0.0	4270
k101_5204_flag=1_multi=53.6731_len=51456	ENA|CP002352|CP002352.1	84.488	2121	323	5	19609	21725	1130895	1128777	0.0	2089
k101_5204_flag=1_multi=53.6731_len=51456	ENA|CP002352|CP002352.1	81.356	2360	386	38	28497	30819	1117912	1115570	0.0	1871
k101_5204_flag=1_multi=53.6731_len=51456	ENA|CP002352|CP002352.1	82.903	2012	328	13	26172	28175	1120030	1118027	0.0	1796
k101_5204_flag=1_multi=53.6731_len=51456	ENA|CP002352|CP002352.1	81.929	2125	364	17	10205	12321	1140521	1138409	0.0	1779
k101_5204_flag=1_multi=53.6731_len=51456	ENA|CP002352|CP002352.1	75.908	2972	637	59	44717	47664	1086000	1083084	0.0	1448
k101_5204_flag=1_multi=53.6731_len=51456	ENA|CP002352|CP002352.1	85.399	1315	189	3	50135	51448	1080808	1079496	0.0	1362
k101_5204_flag=1_multi=53.6731_len=51456	ENA|CP002352|CP002352.1	83.648	1217	186	11	39359	40567	1090580	1089369	0.0	1133
k101_5204_flag=1_multi=53.6731_len=51456	ENA|CP002352|CP002352.1	84.342	1124	150	9	30943	32041	1115469	1114347	0.0	1077
k101_5204_flag=1_multi=53.6731_len=51456	ENA|CP002352|CP002352.1	78.914	1565	327	3	8567	10129	1142108	1140545	0.0	1059
k101_5204_flag=1_multi=53.6731_len=51456	ENA|CP002352|CP002352.1	80.535	935	171	9	49142	50071	1081777	1080849	0.0	708
k101_5204_flag=1_multi=53.6731_len=51456	ENA|CP002352|CP002352.1	74.460	1574	381	17	245	1811	1166017	1167576	0.0	660
k101_7860_flag=1_multi=15.0000_len=10914	ENA|CP002352|CP002352.1	81.172	3293	568	31	7664	10914	1590719	1594001	0.0	2599
k101_7860_flag=1_multi=15.0000_len=10914	ENA|CP002352|CP002352.1	78.307	2752	531	47	4704	7434	1587805	1590511	0.0	1714
k101_7860_flag=1_multi=15.0000_len=10914	ENA|CP002352|CP002352.1	85.516	1008	132	12	1450	2452	1586511	1587509	0.0	1040
k101_3074_flag=0_multi=213.6707_len=29091	ENA|CP000140|CP000140.1	98.246	7468	105	9	21533	28998	22539	15096	0.0	13042
k101_3394_flag=1_multi=188.1009_len=20540	ENA|CP000140|CP000140.1	97.325	11550	303	5	8647	20194	3847481	3859026	0.0	19612
k101_3394_flag=1_multi=188.1009_len=20540	ENA|CP000140|CP000140.1	98.121	8410	136	3	171	8580	3839082	3847469	0.0	14635
k101_3394_flag=1_multi=188.1009_len=20540	ENA|CP000140|CP000140.1	98.221	281	2	2	20185	20464	3859356	3859634	2.17e-133	488
k101_5012_flag=0_multi=151.5515_len=21660	ENA|CP000140|CP000140.1	97.978	20325	395	9	1	20321	420976	441288	0.0	35242
k101_5012_flag=0_multi=151.5515_len=21660	ENA|CP000140|CP000140.1	99.125	1143	10	0	20442	21584	442644	443786	0.0	2056
k101_5012_flag=0_multi=151.5515_len=21660	ENA|CP000140|CP000140.1	97.931	145	2	1	1	145	147296	147439	1.17e-61	250
k101_5012_flag=0_multi=151.5515_len=21660	ENA|CP000140|CP000140.1	95.918	147	3	3	1	145	2135489	2135344	3.29e-57	235
k101_5012_flag=0_multi=151.5515_len=21660	ENA|CP000140|CP000140.1	100.000	89	0	0	1	89	2869050	2868962	4.38e-36	165
k101_5012_flag=0_multi=151.5515_len=21660	ENA|CP000140|CP000140.1	100.000	89	0	0	1	89	3250196	3250108	4.38e-36	165
k101_5012_flag=0_multi=151.5515_len=21660	ENA|CP000140|CP000140.1	100.000	89	0	0	1	89	3408468	3408380	4.38e-36	165
k101_5012_flag=0_multi=151.5515_len=21660	ENA|CP000140|CP000140.1	100.000	89	0	0	1	89	4792663	4792751	4.38e-36	165
k101_6460_flag=1_multi=114.3015_len=31131	ENA|CP000140|CP000140.1	98.433	10851	152	14	17386	28226	2393101	2382259	0.0	19080
k101_6460_flag=1_multi=114.3015_len=31131	ENA|CP000140|CP000140.1	95.153	7758	365	9	9621	17374	2402233	2394483	0.0	12233
k101_6460_flag=1_multi=114.3015_len=31131	ENA|CP000140|CP000140.1	97.026	2421	71	1	1	2421	2406550	2404131	0.0	4071
k101_6460_flag=1_multi=114.3015_len=31131	ENA|CP000140|CP000140.1	81.478	1069	196	2	2481	3548	2404000	2402933	0.0	876
k101_6460_flag=1_multi=114.3015_len=31131	ENA|CP000140|CP000140.1	100.000	75	0	0	27974	28048	2382404	2382330	3.81e-28	139
k101_6460_flag=1_multi=114.3015_len=31131	ENA|CP000140|CP000140.1	86.364	132	9	6	27933	28057	1660826	1660697	4.93e-27	135
k101_6460_flag=1_multi=114.3015_len=31131	ENA|CP000140|CP000140.1	98.667	75	1	0	28081	28155	2382511	2382437	1.77e-26	134
k101_11242_flag=1_multi=56.3468_len=14703	ENA|CP000140|CP000140.1	99.051	7377	63	1	7301	14670	2328456	2335832	0.0	13228
k101_11242_flag=1_multi=56.3468_len=14703	ENA|CP000140|CP000140.1	93.532	3216	174	23	48	3242	2321357	2324559	0.0	4756
k101_11242_flag=1_multi=56.3468_len=14703	ENA|CP000140|CP000140.1	98.458	843	11	2	6446	7287	2327639	2328480	0.0	1483
k101_11242_flag=1_multi=56.3468_len=14703	ENA|CP000140|CP000140.1	89.050	758	77	5	5441	6195	2326654	2327408	0.0	935
k101_11242_flag=1_multi=56.3468_len=14703	ENA|CP000140|CP000140.1	82.222	180	25	1	2660	2839	2321264	2321436	2.99e-31	148
k101_5266_flag=1_multi=24.3513_len=20995	ENA|FP929062|FP929062.1	89.427	681	72	0	9062	9742	2652524	2653204	0.0	859
k101_5266_flag=1_multi=24.3513_len=20995	ENA|FP929062|FP929062.1	80.600	500	92	3	8497	8994	2650689	2651185	3.87e-101	381
k101_7341_flag=1_multi=44.1560_len=6101	ENA|FP929046|FP929046.1	96.502	629	20	2	1	629	2502525	2503151	0.0	1038
k101_11848_flag=0_multi=70.0037_len=3892	ENA|CP010050|CP010050.1	83.031	2257	323	50	8	2229	515206	512975	0.0	1991
k101_11848_flag=0_multi=70.0037_len=3892	ENA|CP010050|CP010050.1	83.031	2257	323	50	8	2229	2144163	2146394	0.0	1991
k101_11848_flag=0_multi=70.0037_len=3892	ENA|CP010050|CP010050.1	83.031	2257	323	50	8	2229	2355004	2357235	0.0	1991
k101_11848_flag=0_multi=70.0037_len=3892	ENA|CP010050|CP010050.1	83.031	2257	323	50	8	2229	2394171	2396402	0.0	1991
k101_11848_flag=0_multi=70.0037_len=3892	ENA|CP010050|CP010050.1	83.031	2257	323	50	8	2229	2464749	2466980	0.0	1991
k101_11848_flag=0_multi=70.0037_len=3892	ENA|CP010050|CP010050.1	83.031	2257	323	50	8	2229	2483926	2486157	0.0	1991
k101_11848_flag=0_multi=70.0037_len=3892	ENA|CP010050|CP010050.1	85.209	1555	186	24	2335	3852	512673	511126	0.0	1557
k101_11848_flag=0_multi=70.0037_len=3892	ENA|CP010050|CP010050.1	85.209	1555	186	24	2335	3852	2146696	2148243	0.0	1557
k101_11848_flag=0_multi=70.0037_len=3892	ENA|CP010050|CP010050.1	85.209	1555	186	24	2335	3852	2357537	2359084	0.0	1557
k101_11848_flag=0_multi=70.0037_len=3892	ENA|CP010050|CP010050.1	85.209	1555	186	24	2335	3852	2396704	2398251	0.0	1557
k101_11848_flag=0_multi=70.0037_len=3892	ENA|CP010050|CP010050.1	85.209	1555	186	24	2335	3852	2467282	2468829	0.0	1557
k101_11848_flag=0_multi=70.0037_len=3892	ENA|CP010050|CP010050.1	85.209	1555	186	24	2335	3852	2486459	2488006	0.0	1557
k101_201_flag=0_multi=60.5660_len=47282	ENA|CP002735|CP002735.1	98.017	38788	712	27	1	38765	3455122	3416369	0.0	67315
k101_201_flag=0_multi=60.5660_len=47282	ENA|CP002735|CP002735.1	98.228	6660	118	0	40623	47282	3408939	3402280	0.0	11646
k101_201_flag=0_multi=60.5660_len=47282	ENA|CP002735|CP002735.1	98.813	1179	11	3	39464	40641	3410214	3409038	0.0	2097
k101_201_flag=0_multi=60.5660_len=47282	ENA|CP002735|CP002735.1	96.681	452	15	0	46831	47282	2701688	2701237	0.0	752
k101_201_flag=0_multi=60.5660_len=47282	ENA|CP002735|CP002735.1	80.931	902	150	18	21328	22218	3782830	3783720	0.0	693
k101_201_flag=0_multi=60.5660_len=47282	ENA|CP002735|CP002735.1	78.179	637	111	27	21391	22013	3372394	3371772	8.72e-101	381
k101_201_flag=0_multi=60.5660_len=47282	ENA|CP002735|CP002735.1	75.141	708	147	23	21348	22040	1728919	1728226	5.40e-78	305
k101_201_flag=0_multi=60.5660_len=47282	ENA|CP002735|CP002735.1	79.295	454	68	20	21609	22049	1361517	1361077	1.17e-74	294
k101_201_flag=0_multi=60.5660_len=47282	ENA|CP002735|CP002735.1	74.545	715	134	34	21335	22025	43432	42742	7.08e-67	268
k101_201_flag=0_multi=60.5660_len=47282	ENA|CP002735|CP002735.1	83.803	142	23	0	21642	21783	1421462	1421321	7.50e-27	135
k101_9428_flag=0_multi=26.7945_len=62795	ENA|CP003150|CP003150.1	78.986	276	38	16	35379	35644	5400440	5400175	2.73e-37	171
k101_13286_flag=0_multi=95.4341_len=66695	ENA|CP000884|CP000884.1	98.959	29008	262	15	64	29039	5561480	5532481	0.0	51858
k101_13286_flag=0_multi=95.4341_len=66695	ENA|CP000884|CP000884.1	98.620	12894	174	2	38951	51840	5517864	5504971	0.0	22822
k101_13286_flag=0_multi=95.4341_len=66695	ENA|CP000884|CP000884.1	96.837	6798	169	13	32167	38920	5532327	5525532	0.0	11321
k101_13286_flag=0_multi=95.4341_len=66695	ENA|CP000884|CP000884.1	98.301	3297	55	1	61628	64923	5504287	5500991	0.0	5777
k101_13286_flag=0_multi=95.4341_len=66695	ENA|CP000884|CP000884.1	98.059	1597	31	0	65099	66695	5500848	5499252	0.0	2778
k101_13286_flag=0_multi=95.4341_len=66695	ENA|CP000884|CP000884.1	97.619	252	6	0	61344	61595	5504535	5504284	3.35e-116	433
k101_13286_flag=0_multi=95.4341_len=66695	ENA|CP000884|CP000884.1	78.131	535	89	26	65891	66411	6422481	6421961	1.27e-80	315
k101_13286_flag=0_multi=95.4341_len=66695	ENA|CP000884|CP000884.1	97.647	85	2	0	60237	60321	5504619	5504535	4.89e-30	147
k101_16411_flag=0_multi=49.7380_len=149974	ENA|HG916826|HG916826.1	99.939	14818	9	0	118666	133483	4627607	4642424	0.0	27314
k101_16411_flag=0_multi=49.7380_len=149974	ENA|HG916826|HG916826.1	99.984	6224	1	0	139214	145437	4625264	4619041	0.0	11489
k101_16411_flag=0_multi=49.7380_len=149974	ENA|HG916826|HG916826.1	99.956	4548	2	0	145427	149974	4616422	4611875	0.0	8388
k101_16411_flag=0_multi=49.7380_len=149974	ENA|HG916826|HG916826.1	96.984	4608	134	5	42522	47127	4654408	4649804	0.0	7734
k101_16411_flag=0_multi=49.7380_len=149974	ENA|HG916826|HG916826.1	99.875	1598	1	1	238	1835	4627359	4625763	0.0	2939
k101_16411_flag=0_multi=49.7380_len=149974	ENA|HG916826|HG916826.1	90.655	2001	186	1	115696	117696	4647740	4649739	0.0	2658
k101_16411_flag=0_multi=49.7380_len=149974	ENA|HG916826|HG916826.1	92.724	1127	72	8	114207	115327	4646113	4647235	0.0	1618
k101_16411_flag=0_multi=49.7380_len=149974	ENA|HG916826|HG916826.1	90.855	1017	75	5	125977	126977	1569209	1570223	0.0	1347
k101_16411_flag=0_multi=49.7380_len=149974	ENA|HG916826|HG916826.1	89.346	948	95	5	126036	126980	3925411	3924467	0.0	1186
k101_16411_flag=0_multi=49.7380_len=149974	ENA|HG916826|HG916826.1	100.000	237	0	0	1	237	157478	157242	1.62e-117	438
k101_16411_flag=0_multi=49.7380_len=149974	ENA|HG916826|HG916826.1	99.156	237	2	0	1	237	2438137	2437901	3.50e-114	427
k101_16411_flag=0_multi=49.7380_len=149974	ENA|HG916826|HG916826.1	99.156	237	2	0	1	237	3377993	3378229	3.50e-114	427
k101_16411_flag=0_multi=49.7380_len=149974	ENA|HG916826|HG916826.1	99.156	237	2	0	1	237	4608081	4607845	3.50e-114	427
k101_16411_flag=0_multi=49.7380_len=149974	ENA|HG916826|HG916826.1	98.739	238	2	1	1	237	4586084	4585847	1.63e-112	422
k101_16411_flag=0_multi=49.7380_len=149974	ENA|HG916826|HG916826.1	98.734	237	3	0	1	237	4654810	4654574	1.63e-112	422
k101_16411_flag=0_multi=49.7380_len=149974	ENA|HG916826|HG916826.1	93.750	160	10	0	47845	48004	3378071	3378230	4.90e-58	241
k101_16411_flag=0_multi=49.7380_len=149974	ENA|HG916826|HG916826.1	93.210	162	11	0	47845	48006	2438059	2437898	1.76e-57	239
k101_16411_flag=0_multi=49.7380_len=149974	ENA|HG916826|HG916826.1	93.711	159	10	0	47845	48003	4608003	4607845	1.76e-57	239
k101_16411_flag=0_multi=49.7380_len=149974	ENA|HG916826|HG916826.1	93.125	160	11	0	47845	48004	157400	157241	2.28e-56	235
k101_16411_flag=0_multi=49.7380_len=149974	ENA|HG916826|HG916826.1	93.168	161	10	1	47845	48004	4586006	4585846	2.28e-56	235
k101_16411_flag=0_multi=49.7380_len=149974	ENA|HG916826|HG916826.1	93.125	160	11	0	47845	48004	4654732	4654573	2.28e-56	235
k101_16411_flag=0_multi=49.7380_len=149974	ENA|HG916826|HG916826.1	95.238	105	5	0	4722	4826	4654573	4654469	8.44e-36	167
k101_16411_flag=0_multi=49.7380_len=149974	ENA|HG916826|HG916826.1	100.000	82	0	0	114060	114141	4637146	4637065	2.36e-31	152
k101_17605_flag=1_multi=39.3029_len=26873	ENA|CP003588|CP003588.1	98.938	18276	191	3	8043	26317	216773	198500	0.0	32672
k101_17605_flag=1_multi=39.3029_len=26873	ENA|CP003588|CP003588.1	97.824	8043	159	12	1	8035	224891	216857	0.0	13869
k101_17605_flag=1_multi=39.3029_len=26873	ENA|CP003588|CP003588.1	74.887	1553	334	52	9676	11200	5162505	5164029	0.0	656
k101_17787_flag=1_multi=139.6908_len=46054	ENA|CP002735|CP002735.1	98.289	18765	269	16	17753	36498	5390642	5409373	0.0	32827
k101_17787_flag=1_multi=139.6908_len=46054	ENA|CP002735|CP002735.1	98.826	8691	101	1	37330	46020	5409465	5418154	0.0	15483
k101_17787_flag=1_multi=139.6908_len=46054	ENA|CP002735|CP002735.1	98.873	6830	77	0	89	6918	5375077	5381906	0.0	12187
k101_17787_flag=1_multi=139.6908_len=46054	ENA|CP002735|CP002735.1	98.151	6652	123	0	9047	15698	5382521	5389172	0.0	11603
k101_17787_flag=1_multi=139.6908_len=46054	ENA|CP002735|CP002735.1	98.158	1357	19	1	15676	17026	5389192	5390548	0.0	2362
k101_17787_flag=1_multi=139.6908_len=46054	ENA|CP002735|CP002735.1	77.941	612	114	20	24550	25152	5876309	5875710	3.08e-95	363
k101_17787_flag=1_multi=139.6908_len=46054	ENA|CP002735|CP002735.1	96.203	158	6	0	32258	32415	3275571	3275728	4.15e-64	259
k101_19165_flag=1_multi=15.4786_len=15423	ENA|AP013070|AP013070.1	95.983	10206	390	14	5232	15422	4581905	4592105	0.0	16558
k101_25916_flag=0_multi=34.8203_len=67282	ENA|CP003734|CP003734.1	99.001	11609	112	3	55675	67282	4196572	4208177	0.0	20792
k101_25916_flag=0_multi=34.8203_len=67282	ENA|CP003734|CP003734.1	80.935	2717	502	12	48088	50791	4580743	4583456	0.0	2134
k101_25916_flag=0_multi=34.8203_len=67282	ENA|CP003734|CP003734.1	91.312	1151	92	8	5159	6307	1507383	1508527	0.0	1565
k101_25916_flag=0_multi=34.8203_len=67282	ENA|CP003734|CP003734.1	77.187	1109	232	15	13119	14215	1515429	1516528	1.44e-174	627
k101_25916_flag=0_multi=34.8203_len=67282	ENA|CP003734|CP003734.1	90.717	237	22	0	4527	4763	1507118	1507354	3.55e-81	316
k101_25916_flag=0_multi=34.8203_len=67282	ENA|CP003734|CP003734.1	80.495	323	57	6	46432	46751	1606504	1606823	6.11e-59	243
k101_25916_flag=0_multi=34.8203_len=67282	ENA|CP003734|CP003734.1	98.182	110	2	0	1	110	1552633	1552742	6.24e-44	193
k101_25916_flag=0_multi=34.8203_len=67282	ENA|CP003734|CP003734.1	96.226	106	4	0	1	106	1504455	1504560	2.26e-38	174
k101_38241_flag=1_multi=61.9969_len=64010	ENA|CP000712|CP000712.1	99.184	13233	108	0	47786	61018	4411901	4425133	0.0	23839
k101_38241_flag=1_multi=61.9969_len=64010	ENA|CP000712|CP000712.1	96.633	9980	318	12	32276	42241	4395826	4405801	0.0	16552
k101_38241_flag=1_multi=61.9969_len=64010	ENA|CP000712|CP000712.1	97.892	5930	117	6	41855	47782	4406013	4411936	0.0	10251
k101_38241_flag=1_multi=61.9969_len=64010	ENA|CP000712|CP000712.1	94.682	2012	105	2	28479	30489	5427723	5425713	0.0	3121
k101_38241_flag=1_multi=61.9969_len=64010	ENA|CP000712|CP000712.1	84.445	3118	425	53	1186	4273	4372225	4375312	0.0	3016
k101_38241_flag=1_multi=61.9969_len=64010	ENA|CP000712|CP000712.1	90.698	1978	181	3	4280	6255	4375412	4377388	0.0	2630
k101_38241_flag=1_multi=61.9969_len=64010	ENA|CP000712|CP000712.1	78.087	3847	816	26	12802	16633	4382949	4386783	0.0	2409
k101_38241_flag=1_multi=61.9969_len=64010	ENA|CP000712|CP000712.1	91.442	1075	85	6	7569	8638	4377753	4378825	0.0	1469
k101_38241_flag=1_multi=61.9969_len=64010	ENA|CP000712|CP000712.1	92.170	894	70	0	5	898	4371224	4372117	0.0	1264
k101_38241_flag=1_multi=61.9969_len=64010	ENA|CP000712|CP000712.1	86.067	811	102	10	11606	12410	4380521	4381326	0.0	861
k101_38241_flag=1_multi=61.9969_len=64010	ENA|CP000712|CP000712.1	80.749	961	169	14	27191	28143	4393082	4394034	0.0	736
k101_38241_flag=1_multi=61.9969_len=64010	ENA|CP000712|CP000712.1	87.571	531	64	2	8993	9522	4378877	4379406	1.07e-170	614
k101_38241_flag=1_multi=61.9969_len=64010	ENA|CP000712|CP000712.1	76.215	1173	257	21	30742	31903	4394548	4395709	8.33e-167	601
k101_38241_flag=1_multi=61.9969_len=64010	ENA|CP000712|CP000712.1	92.268	388	22	4	41855	42241	4405866	4406246	1.42e-149	544
k101_38241_flag=1_multi=61.9969_len=64010	ENA|CP000712|CP000712.1	91.260	389	27	4	41855	42241	4405566	4405949	1.85e-143	523
k101_38241_flag=1_multi=61.9969_len=64010	ENA|CP000712|CP000712.1	91.003	389	25	6	41855	42241	4405717	4406097	3.10e-141	516
k101_38241_flag=1_multi=61.9969_len=64010	ENA|CP000712|CP000712.1	87.467	383	36	10	41855	42227	3960789	3961169	1.16e-115	431
k101_38241_flag=1_multi=61.9969_len=64010	ENA|CP000712|CP000712.1	88.732	355	34	6	41879	42228	1364956	1365309	4.16e-115	429
k101_38241_flag=1_multi=61.9969_len=64010	ENA|CP000712|CP000712.1	86.944	337	36	8	41868	42201	2241775	2242106	7.11e-98	372
k101_38241_flag=1_multi=61.9969_len=64010	ENA|CP000712|CP000712.1	92.857	238	15	2	42005	42241	4405416	4405652	1.55e-89	344
k101_38241_flag=1_multi=61.9969_len=64010	ENA|CP000712|CP000712.1	85.671	328	38	7	41878	42201	1348419	1348097	2.59e-87	337
k101_38241_flag=1_multi=61.9969_len=64010	ENA|CP000712|CP000712.1	85.759	323	36	9	41892	42207	5296335	5296654	3.35e-86	333
k101_38241_flag=1_multi=61.9969_len=64010	ENA|CP000712|CP000712.1	91.020	245	22	0	11254	11498	4380067	4380311	1.21e-85	331
k101_38241_flag=1_multi=61.9969_len=64010	ENA|CP000712|CP000712.1	87.591	274	30	4	41855	42124	1365084	1365357	1.21e-80	315
k101_38241_flag=1_multi=61.9969_len=64010	ENA|CP000712|CP000712.1	83.776	339	41	12	41879	42208	4274160	4273827	5.65e-79	309
k101_38241_flag=1_multi=61.9969_len=64010	ENA|CP000712|CP000712.1	87.273	275	28	6	41959	42227	3960742	3961015	2.03e-78	307
k101_38241_flag=1_multi=61.9969_len=64010	ENA|CP000712|CP000712.1	90.295	237	20	2	41855	42090	4406162	4406396	2.03e-78	307
k101_38241_flag=1_multi=61.9969_len=64010	ENA|CP000712|CP000712.1	85.714	294	34	7	41854	42142	4377399	4377689	2.63e-77	303
k101_38241_flag=1_multi=61.9969_len=64010	ENA|CP000712|CP000712.1	87.059	255	27	6	41879	42130	5362405	5362154	3.43e-71	283
k101_38241_flag=1_multi=61.9969_len=64010	ENA|CP000712|CP000712.1	87.449	247	23	7	41855	42094	3960943	3961188	1.59e-69	278
k101_38241_flag=1_multi=61.9969_len=64010	ENA|CP000712|CP000712.1	80.612	392	39	13	41855	42241	4238893	4238534	9.59e-67	268
k101_38241_flag=1_multi=61.9969_len=64010	ENA|CP000712|CP000712.1	86.122	245	27	6	41892	42130	3193194	3192951	2.08e-63	257
k101_38241_flag=1_multi=61.9969_len=64010	ENA|CP000712|CP000712.1	88.372	215	21	4	42014	42227	2241772	2241983	7.47e-63	255
k101_38241_flag=1_multi=61.9969_len=64010	ENA|CP000712|CP000712.1	86.842	228	27	3	925	1152	1831742	1831966	9.66e-62	252
k101_38241_flag=1_multi=61.9969_len=64010	ENA|CP000712|CP000712.1	84.043	282	23	11	41855	42130	4238759	4238494	9.66e-62	252
k101_38241_flag=1_multi=61.9969_len=64010	ENA|CP000712|CP000712.1	89.109	202	19	3	42028	42227	1364956	1365156	1.25e-60	248
k101_38241_flag=1_multi=61.9969_len=64010	ENA|CP000712|CP000712.1	86.522	230	23	7	925	1151	1276198	1276422	4.49e-60	246
k101_38241_flag=1_multi=61.9969_len=64010	ENA|CP000712|CP000712.1	84.133	271	25	9	41959	42226	5629795	5629540	4.49e-60	246
k101_38241_flag=1_multi=61.9969_len=64010	ENA|CP000712|CP000712.1	83.150	273	36	8	41897	42163	4512037	4511769	2.09e-58	241
k101_38241_flag=1_multi=61.9969_len=64010	ENA|CP000712|CP000712.1	80.363	331	53	12	41877	42201	5153452	5153776	2.09e-58	241
k101_38241_flag=1_multi=61.9969_len=64010	ENA|CP000712|CP000712.1	79.695	394	31	19	41855	42241	4239025	4238674	7.52e-58	239
k101_38241_flag=1_multi=61.9969_len=64010	ENA|CP000712|CP000712.1	90.608	181	13	4	41879	42056	1641609	1641788	2.70e-57	237
k101_38241_flag=1_multi=61.9969_len=64010	ENA|CP000712|CP000712.1	83.835	266	23	8	41868	42130	4017241	4017489	9.73e-57	235
k101_38241_flag=1_multi=61.9969_len=64010	ENA|CP000712|CP000712.1	89.674	184	14	5	42028	42208	1641609	1641790	4.53e-55	230
k101_38241_flag=1_multi=61.9969_len=64010	ENA|CP000712|CP000712.1	79.625	373	33	21	41878	42241	4239146	4238808	1.63e-54	228
k101_38241_flag=1_multi=61.9969_len=64010	ENA|CP000712|CP000712.1	87.310	197	21	4	41856	42050	2241912	2242106	7.57e-53	222
k101_38241_flag=1_multi=61.9969_len=64010	ENA|CP000712|CP000712.1	86.634	202	23	3	42027	42227	1348419	1348221	2.72e-52	220
k101_38241_flag=1_multi=61.9969_len=64010	ENA|CP000712|CP000712.1	84.141	227	34	2	925	1151	716598	716374	9.80e-52	219
k101_38241_flag=1_multi=61.9969_len=64010	ENA|CP000712|CP000712.1	88.043	184	19	3	42028	42209	3662340	3662158	1.27e-50	215
k101_38241_flag=1_multi=61.9969_len=64010	ENA|CP000712|CP000712.1	83.843	229	32	5	925	1152	5794734	5794958	4.56e-50	213
k101_38241_flag=1_multi=61.9969_len=64010	ENA|CP000712|CP000712.1	86.911	191	20	5	42041	42228	3193194	3193006	5.90e-49	209
k101_38241_flag=1_multi=61.9969_len=64010	ENA|CP000712|CP000712.1	81.315	289	27	16	41879	42163	4545468	4545733	5.90e-49	209
k101_38241_flag=1_multi=61.9969_len=64010	ENA|CP000712|CP000712.1	86.957	184	21	3	41879	42059	3662340	3662157	2.74e-47	204
k101_38241_flag=1_multi=61.9969_len=64010	ENA|CP000712|CP000712.1	84.834	211	23	7	41855	42060	4274031	4273825	2.74e-47	204
k101_38241_flag=1_multi=61.9969_len=64010	ENA|CP000712|CP000712.1	85.294	204	22	7	42028	42227	4274160	4273961	2.74e-47	204
k101_38241_flag=1_multi=61.9969_len=64010	ENA|CP000712|CP000712.1	85.294	204	23	6	41855	42054	5296451	5296651	2.74e-47	204
k101_38241_flag=1_multi=61.9969_len=64010	ENA|CP000712|CP000712.1	87.571	177	19	3	42027	42201	5033260	5033085	9.87e-47	202
k101_38241_flag=1_multi=61.9969_len=64010	ENA|CP000712|CP000712.1	86.813	182	20	4	42028	42207	1578190	1578011	3.55e-46	200
k101_38241_flag=1_multi=61.9969_len=64010	ENA|CP000712|CP000712.1	87.500	176	19	3	41878	42050	5033260	5033085	3.55e-46	200
k101_38241_flag=1_multi=61.9969_len=64010	ENA|CP000712|CP000712.1	81.641	256	31	12	41959	42210	5678738	5678981	1.28e-45	198
k101_38241_flag=1_multi=61.9969_len=64010	ENA|CP000712|CP000712.1	85.789	190	22	4	41877	42063	4533371	4533184	4.59e-45	196
k101_38241_flag=1_multi=61.9969_len=64010	ENA|CP000712|CP000712.1	86.022	186	22	4	42041	42223	5296335	5296519	4.59e-45	196
k101_38241_flag=1_multi=61.9969_len=64010	ENA|CP000712|CP000712.1	84.925	199	23	5	41855	42050	1348291	1348097	1.65e-44	195
k101_38241_flag=1_multi=61.9969_len=64010	ENA|CP000712|CP000712.1	84.653	202	24	6	42028	42227	5362405	5362209	1.65e-44	195
k101_38241_flag=1_multi=61.9969_len=64010	ENA|CP000712|CP000712.1	84.158	202	25	5	41859	42058	5678784	5678980	7.68e-43	189
k101_38241_flag=1_multi=61.9969_len=64010	ENA|CP000712|CP000712.1	86.034	179	20	5	41879	42054	1578190	1578014	2.76e-42	187
k101_38241_flag=1_multi=61.9969_len=64010	ENA|CP000712|CP000712.1	85.955	178	22	3	41959	42133	4086093	4085916	2.76e-42	187
k101_38241_flag=1_multi=61.9969_len=64010	ENA|CP000712|CP000712.1	88.387	155	17	1	925	1079	4255825	4255978	9.94e-42	185
k101_38241_flag=1_multi=61.9969_len=64010	ENA|CP000712|CP000712.1	85.246	183	23	3	42046	42227	4512037	4511858	9.94e-42	185
k101_38241_flag=1_multi=61.9969_len=64010	ENA|CP000712|CP000712.1	81.102	254	28	11	41878	42129	4706874	4707109	9.94e-42	185
k101_38241_flag=1_multi=61.9969_len=64010	ENA|CP000712|CP000712.1	83.838	198	29	3	42026	42222	5153452	5153647	9.94e-42	185
k101_38241_flag=1_multi=61.9969_len=64010	ENA|CP000712|CP000712.1	81.557	244	25	7	41913	42152	1016485	1016712	3.57e-41	183
k101_38241_flag=1_multi=61.9969_len=64010	ENA|CP000712|CP000712.1	84.946	186	23	4	42026	42209	4533371	4533189	3.57e-41	183
k101_38241_flag=1_multi=61.9969_len=64010	ENA|CP000712|CP000712.1	89.189	148	14	2	41855	42000	5629749	5629602	3.57e-41	183
k101_38241_flag=1_multi=61.9969_len=64010	ENA|CP000712|CP000712.1	84.021	194	22	8	41869	42056	5815062	5814872	1.66e-39	178
k101_38241_flag=1_multi=61.9969_len=64010	ENA|CP000712|CP000712.1	83.854	192	21	9	41985	42174	2574272	2574455	2.15e-38	174
k101_38241_flag=1_multi=61.9969_len=64010	ENA|CP000712|CP000712.1	81.739	230	21	9	41997	42223	4017219	4017430	7.74e-38	172
k101_38241_flag=1_multi=61.9969_len=64010	ENA|CP000712|CP000712.1	87.248	149	17	2	42028	42175	1828073	1827926	1.00e-36	169
k101_38241_flag=1_multi=61.9969_len=64010	ENA|CP000712|CP000712.1	87.162	148	17	2	41879	42024	1828073	1827926	3.60e-36	167
k101_38241_flag=1_multi=61.9969_len=64010	ENA|CP000712|CP000712.1	84.706	170	23	3	41892	42059	4976504	4976672	3.60e-36	167
k101_38241_flag=1_multi=61.9969_len=64010	ENA|CP000712|CP000712.1	83.158	190	24	7	42023	42207	5815057	5814871	3.60e-36	167
k101_38241_flag=1_multi=61.9969_len=64010	ENA|CP000712|CP000712.1	92.308	117	7	2	42108	42223	1933804	1933689	1.29e-35	165
k101_38241_flag=1_multi=61.9969_len=64010	ENA|CP000712|CP000712.1	91.057	123	10	1	41863	41984	4086038	4085916	1.29e-35	165
k101_38241_flag=1_multi=61.9969_len=64010	ENA|CP000712|CP000712.1	85.276	163	19	4	42028	42188	3949257	3949098	4.66e-35	163
k101_38241_flag=1_multi=61.9969_len=64010	ENA|CP000712|CP000712.1	85.185	162	19	4	41879	42037	3949257	3949098	1.67e-34	161
k101_38241_flag=1_multi=61.9969_len=64010	ENA|CP000712|CP000712.1	84.118	170	24	3	42041	42209	4976504	4976671	1.67e-34	161
k101_38241_flag=1_multi=61.9969_len=64010	ENA|CP000712|CP000712.1	82.812	192	22	7	41868	42056	5404366	5404549	1.67e-34	161
k101_38241_flag=1_multi=61.9969_len=64010	ENA|CP000712|CP000712.1	91.525	118	6	3	42014	42130	1464755	1464641	6.02e-34	159
k101_38241_flag=1_multi=61.9969_len=64010	ENA|CP000712|CP000712.1	82.383	193	24	6	42014	42204	5404363	5404547	6.02e-34	159
k101_38241_flag=1_multi=61.9969_len=64010	ENA|CP000712|CP000712.1	89.147	129	11	3	41868	41993	4377561	4377689	2.17e-33	158
k101_38241_flag=1_multi=61.9969_len=64010	ENA|CP000712|CP000712.1	87.591	137	12	4	41868	42001	4252120	4251986	2.80e-32	154
k101_38241_flag=1_multi=61.9969_len=64010	ENA|CP000712|CP000712.1	88.462	130	12	2	42002	42130	5353740	5353613	2.80e-32	154
k101_38241_flag=1_multi=61.9969_len=64010	ENA|CP000712|CP000712.1	90.598	117	7	3	41866	41981	1464754	1464641	1.01e-31	152
k101_38241_flag=1_multi=61.9969_len=64010	ENA|CP000712|CP000712.1	88.800	125	13	1	42003	42126	2233519	2233395	1.01e-31	152
k101_38241_flag=1_multi=61.9969_len=64010	ENA|CP000712|CP000712.1	83.721	172	17	9	41855	42023	2574292	2574455	1.01e-31	152
k101_38241_flag=1_multi=61.9969_len=64010	ENA|CP000712|CP000712.1	86.713	143	12	6	42013	42152	4252124	4251986	1.01e-31	152
k101_38241_flag=1_multi=61.9969_len=64010	ENA|CP000712|CP000712.1	88.710	124	13	1	41855	41977	2233518	2233395	3.62e-31	150
k101_38241_flag=1_multi=61.9969_len=64010	ENA|CP000712|CP000712.1	91.150	113	7	3	41870	41981	5362264	5362154	3.62e-31	150
k101_38241_flag=1_multi=61.9969_len=64010	ENA|CP000712|CP000712.1	86.331	139	16	2	41993	42130	493355	493219	1.30e-30	148
k101_38241_flag=1_multi=61.9969_len=64010	ENA|CP000712|CP000712.1	80.180	222	25	10	42002	42208	811222	811439	1.30e-30	148
k101_38241_flag=1_multi=61.9969_len=64010	ENA|CP000712|CP000712.1	82.558	172	26	4	42039	42209	1999860	1999692	1.30e-30	148
k101_38241_flag=1_multi=61.9969_len=64010	ENA|CP000712|CP000712.1	81.773	203	14	11	42028	42227	4545468	4545650	1.30e-30	148
k101_38241_flag=1_multi=61.9969_len=64010	ENA|CP000712|CP000712.1	86.331	139	14	4	41855	41990	1016563	1016699	4.69e-30	147
k101_38241_flag=1_multi=61.9969_len=64010	ENA|CP000712|CP000712.1	89.831	118	7	4	41867	41981	3193066	3192951	4.69e-30	147
k101_38241_flag=1_multi=61.9969_len=64010	ENA|CP000712|CP000712.1	88.095	126	12	2	41857	41981	4238617	4238494	4.69e-30	147
k101_38241_flag=1_multi=61.9969_len=64010	ENA|CP000712|CP000712.1	87.500	128	13	3	41855	41981	2166943	2166818	1.69e-29	145
k101_38241_flag=1_multi=61.9969_len=64010	ENA|CP000712|CP000712.1	85.714	140	16	4	42027	42163	3477720	3477858	1.69e-29	145
k101_38241_flag=1_multi=61.9969_len=64010	ENA|CP000712|CP000712.1	87.023	131	14	3	42033	42160	4055816	4055686	1.69e-29	145
k101_38241_flag=1_multi=61.9969_len=64010	ENA|CP000712|CP000712.1	87.500	128	13	2	41855	41981	5353738	5353613	1.69e-29	145
k101_38241_flag=1_multi=61.9969_len=64010	ENA|CP000712|CP000712.1	82.184	174	23	6	41879	42050	625998	626165	6.07e-29	143
k101_38241_flag=1_multi=61.9969_len=64010	ENA|CP000712|CP000712.1	85.612	139	16	4	41878	42012	3477720	3477858	6.07e-29	143
k101_38241_flag=1_multi=61.9969_len=64010	ENA|CP000712|CP000712.1	84.828	145	18	3	42066	42209	5337515	5337374	6.07e-29	143
k101_38241_flag=1_multi=61.9969_len=64010	ENA|CP000712|CP000712.1	83.660	153	21	3	41980	42130	1241697	1241847	2.18e-28	141
k101_38241_flag=1_multi=61.9969_len=64010	ENA|CP000712|CP000712.1	87.705	122	14	1	41855	41975	1365236	1365357	2.18e-28	141
k101_38241_flag=1_multi=61.9969_len=64010	ENA|CP000712|CP000712.1	81.871	171	27	4	41890	42058	1999860	1999692	2.18e-28	141
k101_38241_flag=1_multi=61.9969_len=64010	ENA|CP000712|CP000712.1	85.821	134	17	2	1564	1696	2441508	2441376	2.18e-28	141
k101_38241_flag=1_multi=61.9969_len=64010	ENA|CP000712|CP000712.1	87.805	123	11	3	42108	42227	3960742	3960863	2.18e-28	141
k101_38241_flag=1_multi=61.9969_len=64010	ENA|CP000712|CP000712.1	90.000	110	9	2	41874	41981	4017380	4017489	2.18e-28	141
k101_38241_flag=1_multi=61.9969_len=64010	ENA|CP000712|CP000712.1	82.822	163	20	6	41855	42012	4511928	4511769	7.85e-28	139
k101_38241_flag=1_multi=61.9969_len=64010	ENA|CP000712|CP000712.1	87.603	121	12	2	41862	41981	1241729	1241847	2.82e-27	137
k101_38241_flag=1_multi=61.9969_len=64010	ENA|CP000712|CP000712.1	86.154	130	15	3	42002	42130	2166945	2166818	2.82e-27	137
k101_38241_flag=1_multi=61.9969_len=64010	ENA|CP000712|CP000712.1	86.260	131	13	4	41884	42009	4055816	4055686	2.82e-27	137
k101_38241_flag=1_multi=61.9969_len=64010	ENA|CP000712|CP000712.1	85.294	136	17	3	42108	42241	4086093	4085959	2.82e-27	137
k101_38241_flag=1_multi=61.9969_len=64010	ENA|CP000712|CP000712.1	88.696	115	10	2	41868	41981	5490173	5490285	2.82e-27	137
k101_38241_flag=1_multi=61.9969_len=64010	ENA|CP000712|CP000712.1	90.385	104	9	1	41879	41981	457237	457340	1.01e-26	135
k101_38241_flag=1_multi=61.9969_len=64010	ENA|CP000712|CP000712.1	90.385	104	9	1	42028	42130	457237	457340	1.01e-26	135
k101_38241_flag=1_multi=61.9969_len=64010	ENA|CP000712|CP000712.1	88.496	113	12	1	42027	42138	4706874	4706986	1.01e-26	135
k101_38241_flag=1_multi=61.9969_len=64010	ENA|CP000712|CP000712.1	82.500	160	20	7	41855	42012	4545580	4545733	3.65e-26	134
k101_5216_flag=1_multi=420.9323_len=3145	ENA|CP009974|CP009974.1	100.000	2600	0	0	285	2884	2509650	2512249	0.0	4802
k101_5216_flag=1_multi=420.9323_len=3145	ENA|CP009974|CP009974.1	100.000	2600	0	0	287	2886	4896603	4894004	0.0	4802
k101_5216_flag=1_multi=420.9323_len=3145	ENA|CP009974|CP009974.1	100.000	2599	0	0	288	2886	1508761	1511359	0.0	4800
k101_5216_flag=1_multi=420.9323_len=3145	ENA|CP009974|CP009974.1	99.962	2601	1	0	288	2888	2769967	2767367	0.0	4798
k101_5216_flag=1_multi=420.9323_len=3145	ENA|CP009974|CP009974.1	100.000	2598	0	0	288	2885	3506511	3503914	0.0	4798
k101_5216_flag=1_multi=420.9323_len=3145	ENA|CP009974|CP009974.1	100.000	2598	0	0	288	2885	4425765	4428362	0.0	4798
k101_5216_flag=1_multi=420.9323_len=3145	ENA|CP009974|CP009974.1	100.000	2597	0	0	287	2883	2758948	2756352	0.0	4796
k101_5216_flag=1_multi=420.9323_len=3145	ENA|CP009974|CP009974.1	100.000	2597	0	0	288	2884	2915695	2913099	0.0	4796
k101_5216_flag=1_multi=420.9323_len=3145	ENA|CP009974|CP009974.1	100.000	2597	0	0	288	2884	3486773	3489369	0.0	4796
k101_5216_flag=1_multi=420.9323_len=3145	ENA|CP009974|CP009974.1	100.000	2597	0	0	287	2883	4905870	4908466	0.0	4796
k101_5216_flag=1_multi=420.9323_len=3145	ENA|CP009974|CP009974.1	100.000	2597	0	0	288	2884	5275654	5273058	0.0	4796
k101_5216_flag=1_multi=420.9323_len=3145	ENA|CP009974|CP009974.1	100.000	2597	0	0	288	2884	5641783	5644379	0.0	4796
k101_5216_flag=1_multi=420.9323_len=3145	ENA|CP009974|CP009974.1	100.000	2596	0	0	288	2883	2596	1	0.0	4795
k101_5216_flag=1_multi=420.9323_len=3145	ENA|CP009974|CP009974.1	100.000	2596	0	0	288	2883	1303422	1306017	0.0	4795
k101_5216_flag=1_multi=420.9323_len=3145	ENA|CP009974|CP009974.1	100.000	2596	0	0	288	2883	1901507	1904102	0.0	4795
k101_5216_flag=1_multi=420.9323_len=3145	ENA|CP009974|CP009974.1	100.000	2596	0	0	288	2883	2092289	2094884	0.0	4795
k101_5216_flag=1_multi=420.9323_len=3145	ENA|CP009974|CP009974.1	100.000	2596	0	0	288	2883	2747117	2749712	0.0	4795
k101_5216_flag=1_multi=420.9323_len=3145	ENA|CP009974|CP009974.1	100.000	2596	0	0	288	2883	4963948	4966543	0.0	4795
k101_5216_flag=1_multi=420.9323_len=3145	ENA|CP009974|CP009974.1	95.571	2574	101	12	316	2883	5324687	5327253	0.0	4109
k101_5216_flag=1_multi=420.9323_len=3145	ENA|CP009974|CP009974.1	80.518	2587	467	33	316	2883	1343213	1345781	0.0	1951
k101_5216_flag=1_multi=420.9323_len=3145	ENA|CP009974|CP009974.1	82.898	1263	204	11	1628	2883	4956170	4957427	0.0	1125
